text,categoria,llm_nova-micro,llm_nova-lite,llm_nova-pro,llm_llama3-8b,n_agree,consensus
yujuuuu para los choferesde app me da risa,infraestructura,2,3,2,1.0,2,2
saldrán con la excusa de q era una remodelacion muy aparte del mundial,infraestructura,2,2,2,1.0,3,2
puro gasto inútil,infraestructura,2,1,1,1.0,3,1
un nuevo crusing,infraestructura,3,3,3,1.0,3,3
cuando estaba lloviendo yo una vez me iba a caer a las vías por que me resbalé por evitar esas tablas,infraestructura,2,3,3,1.0,2,3
nada nos parece,infraestructura,2,3,1,2.0,2,2
como no siempre se necesita los baños públicos,infraestructura,3,3,3,1.0,3,3
nada les embona,infraestructura,2,2,1,1.0,2,1
el metro necesita mantenimiento no lámparitas bonitas,infraestructura,2,2,2,1.0,3,2
ese gasto es inesesario porque después de unos meses no le van a dar mantenimiento y aparte eso requiere de sanitización,infraestructura,2,2,2,1.0,3,2
mejor que recojan realmente la basura que hay en las calles,infraestructura,2,2,2,1.0,3,2
te imaginas cuanto supuestamente gastarían en arreglar nadamas una parte así v dirían q ocupan unos cuantos billones y aún así haber si queda v pq es difícil yo digo pero aún así v en una de esas por la humedad pierde sus propiedades para cargar tanto peso para el q fue diseñado y sacas q se caiga mms,infraestructura,2,2,3,1.0,2,2
que elegancia la de francia y las goteras pa,infraestructura,2,1,1,1.0,3,1
ni hay agua,infraestructura,2,2,1,1.0,2,1
hasta eso les van a quitar a los comerciantes,infraestructura,2,2,1,1.0,2,1
sí se quejan cuando el metro cerró para la remodelación visual ahora si tuvieran que reparar todo desde cero imagínense estuvieran peor,infraestructura,3,2,3,2.0,2,2
no nada más por el mundial todos esos sanitarios los deberían de poner en cada transborde de las líneas del metro de la cdmx,infraestructura,2,2,2,1.0,3,2
ojalá las personas que viven en las calles no se adueñen de los baños y las conviertan en su hogar,infraestructura,2,1,2,1.0,2,1
estan como cuando se les esta botando la pintura porque tienen humedad en las paredes y dicen que poniendoles sellador y una pintadita queda bien,infraestructura,2,1,1,1.0,3,1
muchas gracias por tu reporte joaquin,infraestructura,3,3,3,3.0,4,3
la apuesta es que no llueva en el mundial,infraestructura,3,3,3,3.0,4,3
las estupideces de los gobiernos de morena no tienen límites,infraestructura,1,1,1,1.0,4,1
esos sanitarios se saldrán de control estará apestosos,infraestructura,2,1,1,1.0,3,1
gobernado por morena,infraestructura,3,3,3,2.0,3,3
3 mil millones de pesos costaron seguramente y se embolsaron más de la mitad y van a costar más de 30 pesos el acceso,infraestructura,1,1,1,1.0,4,1
este gobierno pura estupidez,infraestructura,1,1,1,1.0,4,1
es una cascada muy top muy fina para que cualquiera le vea el potencial muy como en dubai,infraestructura,3,3,3,1.0,3,3
se pasaron yo me imaginaba más moderno el metro que iba a quedar pero no así,infraestructura,2,2,2,2.0,4,2
puras apariencias,infraestructura,2,2,1,1.0,2,1
mejor inviertanle más al metro porque siento que cada vez está peor,infraestructura,2,2,2,1.0,3,2
y las escuelas y hospitales para cuando,infraestructura,2,2,1,1.0,2,1
me da risa,infraestructura,2,3,1,,1,1
n necesito q vayas,infraestructura,3,3,3,1.0,3,3
línea 1 tiene puros plafones oxidados por humedad rubalcaba también nosotros maltratamos las estaciones con humedad,infraestructura,3,3,1,1.0,2,1
dios ya quitales el poder,infraestructura,1,1,1,1.0,4,1
no lo entiendes es el toque de humildad que todo burgués necesita,infraestructura,3,1,1,1.0,3,1
shhhaaale,infraestructura,3,3,1,1.0,2,1
gobierno ignorante mejor que arreglen las goteras,infraestructura,2,1,1,1.0,3,1
si estuvo bn siempre me ando cagando en los baños,infraestructura,2,1,1,1.0,3,1
y los hospitales hasta sin reactivos para hacer un laboratorio de gabinete básico,infraestructura,1,1,1,1.0,4,1
que burla como todo en este gobierno,infraestructura,2,1,1,1.0,3,1
la gente dice no me gustan prefiero cagar en una bolsa,infraestructura,2,3,1,1.0,2,1
es la gealidad dul tegceg monde muy bueno la decoración y el servicio de calidad para cuando,infraestructura,3,3,3,,3,3
me da risa es para sentir q estas en venecia entre lujos y agua,infraestructura,2,2,3,1.0,2,2
siento que no lo van a terminar y van a usar el pretexto de que en realidad las reparaciones no eran para el mundial sino para el pueblo bueno,infraestructura,2,2,2,1.0,3,2
para puro turista y los ricos,infraestructura,2,2,2,1.0,3,2
cómo si valiera la pena,infraestructura,2,2,1,1.0,2,1
si lo terminan pero quedarán muchos detalles,infraestructura,2,2,2,2.0,4,2
no me reuso a usar algo que dejo el malvado don porfirio sarcasmo perdoneme don profirio por cierto la lampara combina con la cinta aguas con la pared y las aguas en los techos,infraestructura,2,1,1,1.0,3,1
si el peor gobierno bola de corruptos miserables,infraestructura,1,1,1,1.0,4,1
se hizo rápido la remodelación nunca dijimos que bien,infraestructura,5,5,2,2.0,2,2
eso es normal son filtraciones de agua por que es subsuelo,infraestructura,3,3,3,3.0,4,3
clara y si mejor arreglas los baches y pones mayor seguridad es lobque necesitamos,infraestructura,2,2,2,2.0,4,2
y las cascadas y goteras para cuando,infraestructura,2,2,2,1.0,3,2
mejor la ajolotera esa que vea los baches caray,infraestructura,2,1,1,1.0,3,1
y la línea a cuando ah no que a iztapalacra no vienen turistas,infraestructura,2,2,1,1.0,2,1
y si mejor nos ponen más seguridad,infraestructura,2,2,2,2.0,4,2
toma taxi,infraestructura,3,3,3,1.0,3,3
al rato va a estar abandonado sucio y con basura,infraestructura,1,1,2,1.0,3,1
mejor no hagan nada,infraestructura,2,1,1,1.0,3,1
pasara lo que con los bebederos en los metros solo el gasto y ya,infraestructura,2,2,1,1.0,2,1
las fugas pa cuando,infraestructura,2,1,1,1.0,3,1
lo peor cuando pase el mundial lo van a dejar así los creo muy capaces,infraestructura,2,1,1,1.0,3,1
inviertan o no siguen jodiendo todo les molesta que horror,infraestructura,1,1,1,1.0,4,1
no al mundial por el ebola,infraestructura,2,3,1,1.0,2,1
cuantos millones costarían esos candelabros de temu,infraestructura,3,1,3,1.0,2,1
no alcanzo el presupuesto para hacerlo bien,infraestructura,2,2,2,1.0,3,2
siguen las simulaciones hicieron como que remodelaron y a la primera de las lluvias ven lo obvio lo mal hecho,infraestructura,2,1,1,1.0,3,1
es para que sientas que vas caminando con luz de los candelabros bajo la lluvia al puro estilo europeo,infraestructura,3,1,3,5.0,2,3
son cascadas para dar el toque de la francia de los grandes jardines con fuentes,infraestructura,3,3,3,1.0,3,3
al chile que bueno,infraestructura,5,5,5,3.0,3,5
hay prioridades quedar bien en el mundial,infraestructura,2,2,2,2.0,4,2
creo que en portales van poner como tipo pista de baile,infraestructura,3,3,3,2.0,3,3
esas madres ni van a durar 6 meses,infraestructura,2,1,1,1.0,3,1
neta hay cosas más necesarias,infraestructura,2,2,2,1.0,3,2
esas goteras tienen tanto tiempo qué ya daño el cemento del piso se nota en la huella,infraestructura,2,2,1,1.0,2,1
me recuerda a las mamás no todas cuando va a llegar una visita limpian toodo a fondo la mejor vajilla los manteles mas lindos copas etc pero cuando no hay visitas usan la vajilla ya despostillada los vasos desiguales los manteles viejitos etc algo asi esta pasando pero a gran escala,infraestructura,2,2,1,1.0,2,1
puro gasto infructuoso pero bueno como no es su dinero,infraestructura,2,1,1,1.0,3,1
y las inundaciones fuera del metro ni se diga,infraestructura,2,1,1,1.0,3,1
ví un meme de esos candelabros y pensé que era una broma y no si pusieron,infraestructura,3,3,3,1.0,3,3
ya quiero ver el costo al que se los vendieron a brugada,infraestructura,2,2,1,1.0,2,1
por qué quieren aparentar lo que no es,infraestructura,2,2,1,1.0,2,1
las prioridades del metro están igual a mi economía,infraestructura,2,2,1,1.0,2,1
puesi q ganan con gastar dinero en eso con quién quieren quedar bien y eso es poco por loq hayq hacer por los metros hospitales parques me da risa,infraestructura,2,2,1,1.0,2,1
el auditorio ayer todo parecía la esperanza pero sin luz no mmn,infraestructura,2,2,2,3.0,3,2
no words,infraestructura,2,3,1,1.0,2,1
les digo que este gobierno es una,infraestructura,2,3,1,1.0,2,1
como el mismo gobierno se roba la luz,infraestructura,1,1,1,1.0,4,1
15 días y ya hicieron su mmda te apuesto que ni lo van a terminar y lo van a dejar a medias,infraestructura,2,2,1,1.0,2,1
yo solo juzgamos y juzgamos como si fuwramos perfectos avwces si hay gente que cae mal se creen perfectos,infraestructura,3,3,3,1.0,3,3
cómo no un parchecito por aquí otro parchecito por allá y nadie ve los daños sarcasmo,infraestructura,2,1,1,1.0,3,1
uffas nuevos lienzos,infraestructura,3,3,3,1.0,3,3
me da risa no mms,infraestructura,2,3,1,1.0,2,1
es para darle el estilo vintage,infraestructura,3,3,3,2.0,3,3
no no no solo ve los candelabros,infraestructura,3,3,1,1.0,2,1
parece zona de guerra,infraestructura,1,1,1,1.0,4,1
lo peor esq las paredes de mármol las pusieron por encima de la pared de antes,infraestructura,2,1,1,1.0,3,1
un poco de pintura lila y queda como nuevo,infraestructura,3,1,1,1.0,3,1
y como pa que fue eso de los candelabros,infraestructura,2,2,3,1.0,2,2
normal diran que entre en calendabro y la pinta dirán que costo 9 5 millones de dólares para justificar no te espantes,infraestructura,2,2,1,1.0,2,1
debieron empezar desde el año pasado pero siempre procastinan,infraestructura,2,2,2,1.0,3,2
pues yo una ves me cague para mí está bien,infraestructura,3,3,3,1.0,3,3
la desventaja que el gobierno liberó los recursos a finales de marzo 2026,infraestructura,2,2,2,3.0,3,2
no roban la energía ya está la instalación de cfe solo faltan los medidores eso pasa hasta en las casas no lo instalan de inmediato,infraestructura,3,1,3,2.0,2,3
mejor deberían de ocupar ese presupuesto k gastaron en otras cosas k hacen falta para los k aqui vivimos,infraestructura,2,2,1,1.0,2,1
me da risa si donde quiera hay goteras y eso que aún no llueve en serio,infraestructura,2,1,1,1.0,3,1
uno que otro usuario del metro,infraestructura,3,3,3,3.0,4,3
para eso si ahí lana no pero para que aya agua y pavimenten para eso no ahí que poca tienen,infraestructura,2,2,1,1.0,2,1
para que no los abran como los elevadores en puentes y metro,infraestructura,2,2,2,1.0,3,2
exacto es lo que digo ese dinero que se gastaron millones de pesos en remodelaciones piteras que no eran necesarias y las vías los trenes las instalaciones eléctricas las goteras la humedad lo que sí es necesario,infraestructura,2,1,1,1.0,3,1
no son goteras es una fuente natural,infraestructura,3,3,3,3.0,4,3
está presidenta creo que estamos en el siglo 16 ya que siempre le echa la culpa a los opositores me da risa me da risa,infraestructura,2,1,1,1.0,3,1
peña nieto se te extraña,infraestructura,3,3,4,1.0,2,3
todo lo que gastan deberían de aumentar las pensiones de los s trabajadores del imss ni al mínimo llega,infraestructura,2,2,1,1.0,2,1
cdmx es bien random,infraestructura,3,3,3,3.0,4,3
no entendien que entre mas gente vengas mas gente deja su dinero aquí en mexico,infraestructura,5,4,3,1.0,1,1
restos del prian,infraestructura,2,3,1,1.0,2,1
en tres meses va estar alguien afuera de cada baño vendiendo dulces y cobrando 7,infraestructura,2,3,3,1.0,2,3
la gente ni lo va saber usar,infraestructura,2,2,2,1.0,3,2
ningún chile les embona,infraestructura,2,3,1,1.0,2,1
seguro gastaron más de 5 millones por sanitario,infraestructura,2,2,1,1.0,2,1
nmmn llueve mas adentro que afuera,infraestructura,2,3,1,2.0,2,2
jajajjajaj,infraestructura,3,3,3,2.0,3,3
mañana lo pintan de morado,infraestructura,3,3,3,1.0,3,3
me imagino que habrá mucha gente de limpieza para todo lo que piensan poner,infraestructura,3,3,3,1.0,3,3
salgo del metro puebla y no esta puebla dia 8 pidiendo este,infraestructura,2,3,3,1.0,2,3
un mega desmadre,infraestructura,2,1,1,1.0,3,1
creo que no se puede impermeabilizar la calle o si alguien puede decir que se puede hacer con su infinita inteligencia,infraestructura,3,3,3,1.0,3,3
como que hacen eso para molestar a ciudadanos,infraestructura,2,2,1,1.0,2,1
de q hay personas q nada les va,infraestructura,2,3,3,1.0,2,3
ahí uno en revolución,infraestructura,3,3,1,1.0,2,1
deberian llamarle estacion fuentes brotantes,infraestructura,3,3,3,1.0,3,3
yo le doy 1 mes que van a durar,infraestructura,2,1,1,1.0,3,1
todos con teléfono iphone en paguitos y recargas de 100,infraestructura,3,1,3,1.0,2,1
yo no sé para madres arreglaron tantas estaciones y solo en lo visual xq lo verdadero importante q son las grietas como estás o los trenes,infraestructura,2,2,2,1.0,3,2
eso es lo que deberían de arreglar las filtraciones de agua entre otras cosas,infraestructura,2,2,2,1.0,3,2
a mi si me sirve si me ando cagando es entrandole jejeje,infraestructura,2,3,3,1.0,2,3
hecho en méxico,infraestructura,5,3,5,4.0,2,5
es decoración para el día de muertos pues que no están chig y chig que con tiempo se hace todo jjj,infraestructura,3,3,1,1.0,2,1
se van a meter a dormir ahí los que viven en la calle por ahí,infraestructura,2,2,1,1.0,2,1
y el ébola ama centros de contagio seguro,infraestructura,1,1,1,1.0,4,1
nada les parece los baños públicos son útiles en todos lados a mí me ha pasado que tengo la urgencia de hacer mis necesidades como todo el mundo y no hay ni dónde ya ahí anda uno buscando una gasolinera o algún lugar en donde se pueda hacer sus necesidades y no hay ninguno,infraestructura,2,2,2,1.0,3,2
oooh todo quieren me da risa,infraestructura,2,3,1,1.0,2,1
muy bien lo que dijo la señora,infraestructura,5,5,5,3.0,3,5
qpkm tiene el gobierno habiendo tantas pinches necesidades en el país y gastan en esto,infraestructura,2,2,1,1.0,2,1
por que no arreglan las avenidas principales no que hay un buen de baches y la delincuencia cada dia esta peor,infraestructura,2,2,1,1.0,2,1
señores no han visto la regadera que puso para lavar los trenes,infraestructura,2,1,1,1.0,3,1
creo que el transporte demanda solución real en otros temas,infraestructura,2,2,2,2.0,4,2
el claro ejemplo de que ningun chile les embona,infraestructura,2,1,1,1.0,3,1
me da risa,infraestructura,2,3,1,,1,1
y si en los centros de salud nos dan sillas dignas para trabajar y material,infraestructura,2,2,2,1.0,3,2
pensé que lo de los candelabros era broma,infraestructura,2,2,2,2.0,4,2
exacto todas las estaciones están en muy malas condiciones esto son solo parches sus candelabros puro desperdicio de dinero,infraestructura,2,1,1,1.0,3,1
desde que pasas los torniquetes,infraestructura,3,3,3,1.0,3,3
el metro y la cuidad necesitan mantenimiento preventivo y correctivo no solo pintura el país necesita educación y todos necesitamos más cultura tamos bien mal todos y todo,infraestructura,2,2,1,2.0,3,2
lo primero era arreglar los problemas que tenia tuvieron 4 años para hacerlo,infraestructura,2,2,2,1.0,3,2
tranquila ahorita lo pintan de morado y le ponen un ajolote,infraestructura,2,2,1,1.0,2,1
telediariomx ya sabemos el destino de estos sanitarios públicos quedaran en el abandonó u operando en precarias e insalubres condiciones,infraestructura,2,1,1,1.0,3,1
tienen que aceptar que el problema no es solo el gobierno también la gente si el metro lo hubieran arreglado antes ya estaría todo pintado y maltratado,infraestructura,3,2,3,2.0,2,2
composturas del bienestar,infraestructura,3,3,3,1.0,3,3
claudia sheinbaum pardo partido morena,infraestructura,3,3,3,2.0,3,3
y si mejor le dan el presupuesto a las escuelas y hospitales,infraestructura,2,2,2,1.0,3,2
que bueno xq luego uno se handa c g nd y no hay dond tirarse el key,infraestructura,3,3,3,1.0,3,3
pues que bueno porque mi trabajo es en campo y luego no encuentro baños,infraestructura,3,2,4,2.0,2,2
o su restauración del metro auditorio y el resto de la línea horrorosa,infraestructura,2,2,1,1.0,2,1
una prueba mas de que es una porquería este gobierno,infraestructura,2,1,1,1.0,3,1
alch que bueno,infraestructura,5,5,5,2.0,3,5
que hartazgo con este gobierno,infraestructura,1,1,1,1.0,4,1
ya lo sabíamos wey ntp,infraestructura,3,3,3,,3,3
es parte del arte y el surrealismo que tiene está obra,infraestructura,3,3,3,2.0,3,3
el aicm está igual no van a terminar,infraestructura,2,2,1,1.0,2,1
aquí aplica la de barrieron nomas por donde pasa la suegra jajajajjajaja,infraestructura,2,3,1,1.0,2,1
ay sí y en unos meses va costar me da risa,infraestructura,2,2,1,1.0,2,1
entonces si es muy parecido al titanic,infraestructura,2,3,1,1.0,2,1
camara contraten más especialistas en los hospitales,infraestructura,2,2,2,2.0,4,2
ya me imagino esos baños cerrados como los baños del metro bus teniendo que buscar a algún policía para que te pueda abrir,infraestructura,2,1,1,1.0,3,1
lo remodelo bis chungus,infraestructura,3,3,1,1.0,2,1
no sé no me convence es un estilo moderno clasico futurista mexicano ajolotes minimalista,infraestructura,3,3,3,3.0,4,3
son fuentes hermosa es parte del estilo antiguo,infraestructura,3,3,5,,2,3
ay que si ya te escuchamos,infraestructura,3,3,1,1.0,2,1
la gente nada les gusta y todo critican,infraestructura,2,3,5,1.0,1,1
y pensar que para estas cosas me voy a dar de alta en el sat que coraje,infraestructura,2,2,1,1.0,2,1
lo que van a durar,infraestructura,3,3,2,1.0,2,3
sus candelabros de temu y su papel tapiz hoy en día por eso todos tenemos mármol en las paredes por qué nos cuesta 60 pesos el metro y viene en rollo de 10 metros lo malo que en el recibo van a poner candelabros forjados en italia y mármol traído de la minas de no sé total 500 millones,infraestructura,2,1,1,1.0,3,1
si we pero hay cosas más importantes que pintar metros para el mundial si no estuvieran arreglando también se quejarían jajajaj,infraestructura,2,2,3,2.0,3,2
apenas le tocó a mi niño en pediatría y no había camas solo casos graves les asignaron los demás en sillas estaban canalizados en batita cansados de madrugada que difícil situación del país deberían invertir esos temas ya que todos los mexicanos aportamos para eso,infraestructura,2,1,1,1.0,3,1
solo si te fijas michojajajajaja,infraestructura,2,3,3,1.0,2,3
si los baños del metro siempre están cerrados,infraestructura,2,2,1,1.0,2,1
o es una o es otra cosa para las dos no alcanza,infraestructura,2,2,2,2.0,4,2
es la transformación de 4ta,infraestructura,3,5,5,3.0,2,3
jajajajajajq no mmen,infraestructura,3,3,3,1.0,3,3
y se sigue parando el metro a veces v,infraestructura,2,2,2,1.0,3,2
muchas falta de mantenimiento para que los candelabros,infraestructura,2,2,2,1.0,3,2
sin palabras,infraestructura,3,3,1,1.0,2,1
y cuánto costó la suavicrema ósea el monumento a la corrupción y para que sirve,infraestructura,2,1,1,1.0,3,1
y de hecho si llega a ganar en el siguiente pri o pan estará igual no cambiará nada eso es un hecho el metro está igual de siempre entonces cuál es la sorpresa aúna si todos mienten más bien ustedes que creen,infraestructura,2,2,1,1.0,2,1
que absurdo,infraestructura,2,3,1,1.0,2,1
y si mejor empieza por los baches que hay en toda la ciudad y las calles tan en mal estado,infraestructura,2,2,2,1.0,3,2
termina mal,infraestructura,2,2,1,1.0,2,1
yo no entiendo por qué subes esto es obvio que lo van a arreglar ni modo que se quede así,infraestructura,2,4,3,2.0,2,2
es que a presión sale todo mejor,infraestructura,3,3,3,2.0,3,3
por años mme y mme que pusieran baños públicos y ahora que los ponen siguen mmdo,infraestructura,2,2,1,1.0,2,1
se pasan todo horrible,infraestructura,1,2,1,1.0,3,1
él hazme reír para el mundo entero,infraestructura,2,3,1,2.0,2,2
me da risa la tubería el reloj y el letrero entre otros me da risa,infraestructura,2,1,1,2.0,2,1
es que es como el titanic ya se está hundiendo,infraestructura,2,1,1,1.0,3,1
estuvo súper bien me agrada la idea,infraestructura,5,5,5,5.0,4,5
en eso gastan los impuestos,infraestructura,2,2,1,1.0,2,1
es parte bro es una mezcla de arte antiguo con arte moderno aestetic,infraestructura,3,3,3,3.0,4,3
lo malo es q la gente no cuida las cosas,infraestructura,3,2,3,3.0,3,3
pero ya esa estación es te etiqueta,infraestructura,3,3,3,1.0,3,3
muchos faroles y candelabros y las goteras que,infraestructura,2,2,2,1.0,3,2
ptm nada pueden hacer bien la 4t,infraestructura,1,1,1,1.0,4,1
el que busca que hacer siempre va a encontrar y sobre todo cuando se descuido el metro pero con el cuidado que le demos estaremos más que satisfechos,infraestructura,3,4,2,4.0,2,4
que buena observación entonces que cierre el metro el tiempo necesario para que arreglen todo y los usuarios empiecen a pagar sus taxis,infraestructura,2,2,3,1.0,2,2
exacto y lo que deberían de arreglar no lo arreglan,infraestructura,2,2,1,1.0,2,1
así decíamos del azteca,infraestructura,2,3,2,2.0,3,2
pena ajena este gobierno en verdad,infraestructura,2,1,1,1.0,3,1
mejor pongan botes de basura,infraestructura,2,2,2,1.0,3,2
no puede ser que terrible un metro con 70 años le encontraron humedad devuelvan todo a como estaba,infraestructura,2,1,1,1.0,3,1
súper bien por que se ocupan luego te andan multando por orinar pero tampoco no hay baños cercanos,infraestructura,2,2,2,1.0,3,2
eso tiene años nadie ha hecho nada para reparar las filtraciones,infraestructura,2,2,1,1.0,2,1
méxico no está preparado para ese tipo de infraestructura,infraestructura,2,2,2,1.0,3,2
no bro es que ahora estamos hablando de fútbol,infraestructura,3,3,3,3.0,4,3
es que la gente por que no entiende que es mas importante que se vea bonito a que funcione bien,infraestructura,2,2,2,1.0,3,2
cómo me imagino que paso x señor hay filtraciones y goteras no cree que es mejor arreglar eso x no quiero que pongas mis candelabros que tenga esas vibes de la realeza,infraestructura,2,3,3,1.0,2,3
las calles con pinches coladeras destapadas baches y hoyos por,infraestructura,2,1,1,1.0,3,1
lo que pasa es que amlo no estaba seguro de que ganaría las elecciones del 2024 y obvio no iba a hacer algo que otros gobiernos iba a terminar cuando gano claudia ahora si se pusieron a hacer las cosas se le llama mezquindad,infraestructura,2,2,3,1.0,2,2
no hay medicina en los hospitales pero esto es importante,infraestructura,2,2,1,1.0,2,1
se quejan pero no cuidan las cosas,infraestructura,2,2,2,1.0,3,2
si se hubiera remodelado hace un par de años ya lo hubieran destruido,infraestructura,2,3,2,1.0,2,2
me da risa es parte de la atracción,infraestructura,2,2,3,2.0,3,2
arruinaron la línea azul,infraestructura,2,1,1,1.0,3,1
servirán para el crujin,infraestructura,3,3,3,1.0,3,3
así como los elevadores del metro metrobus inservibles que solo están arreglando por el mundial,infraestructura,2,2,1,1.0,2,1
lo que tú no entiendes es que son las famosísimas grutas del antiguo d f,infraestructura,3,3,3,3.0,4,3
wey que bueno que van a notar baños luego me ando cagando y no encuentro algo rápido,infraestructura,2,3,4,1.0,1,1
pues no creo que los que vengan a ver el mundial entren alos baños,infraestructura,2,2,3,2.0,3,2
yo esperando el metro jajajjaa la goteras me da risa,infraestructura,2,1,1,1.0,3,1
de los trenes ni hablamos,infraestructura,2,2,1,1.0,2,1
me da risa,infraestructura,2,3,1,,1,1
cómo siempre obras de 4ta,infraestructura,2,1,1,1.0,3,1
no lo hicieron antes porque sabiendo como somos los mexicanos no iba a durar ni el año,infraestructura,2,2,3,1.0,2,2
awebo otro lugar para embarrar todo gracias méxico,infraestructura,2,1,1,1.0,3,1
los partidos de fútbol del mundial se van a jugar en los estadios no en el metro,infraestructura,3,3,3,3.0,4,3
los nuevos hoteles económicos,infraestructura,3,3,3,4.0,3,3
también gente quiere que le hagamos todo el pueblo también es el reflejo del gobierno,infraestructura,2,3,3,1.0,2,3
todos esperando,infraestructura,3,3,3,2.0,3,3
con que presupuesto de mugre le van a dar mantenimiento electricidad de donde quien va a pagar eso todos van a baños publicos sin costo,infraestructura,2,1,1,1.0,3,1
fui a mi centro de salud zona amecameca y no hay medicamentos desde hace un mes pero qué tal esto,infraestructura,2,1,1,1.0,3,1
me da risa me encanta pura pantalla mundialista,infraestructura,2,5,1,1.0,2,1
van a ser todo menos baños me da risa,infraestructura,2,1,1,1.0,3,1
la línea uno trenes nuevos tren ligero nuevo trolebuses nuevos camiones nuevos el metro a un te cuesta 5 pesos y te quejas jijijiji,infraestructura,3,2,1,1.0,2,1
me da risa pues como siempre no más nos dan atole con el dedo y así varias estaciones con fugas de agua,infraestructura,2,1,1,1.0,3,1
no era necesario hacer tanto desmadre para 5 partidos moleros que va ver en el 86 en neza hubo 3 partidos del mundial y las calles aledaña al estadio no tenía ni pavimento solo la principal,infraestructura,2,2,2,1.0,3,2
pues no lo uses con tus 5 00 vete en uber,infraestructura,2,3,3,1.0,2,3
en lugar de baños alumbrado baches,infraestructura,2,2,1,1.0,2,1
y si mejor se cancela el mundial por el brote de el ébola méxico no está preparado para algo así y la presidenta lo está minimizando,infraestructura,2,1,1,1.0,3,1
ya hicieron el mega gasto cuiden las cosas,infraestructura,2,2,2,1.0,3,2
hay esos baños desde hace años en paris por ejemplo,infraestructura,2,3,3,2.0,2,2
eso no estaba en el presupuesto jijijijjii,infraestructura,2,1,1,1.0,3,1
yo creo que yá quieren subir el metro pará pagar esos lujos,infraestructura,2,2,2,1.0,3,2
hay presencia de humedad en esa área y es precisamente porque la cdmx se está hundiendo sé que no lo van a comprender lo más simple es decirles que eso no se va a ir,infraestructura,3,2,3,1.0,2,3
ni mundial debería de a ver así como está la situación de las enfermedades que se están propagando,infraestructura,2,2,1,1.0,2,1
que la gente los cuide,infraestructura,3,3,3,1.0,3,3
es que es parte de la decoración,infraestructura,3,3,3,1.0,3,3
a mi si me gustaría pero en puntos estratégicos donde no allá baños porque por ejemplo en el trole elevado haria falta y deberían de poner varias no sólo en donde será el mundial,infraestructura,3,2,3,3.0,3,3
dejemos que pongan todo lo que quieran pero cuando empiece el mundial a sabotear todo,infraestructura,2,1,1,1.0,3,1
9 años,infraestructura,3,3,3,3.0,4,3
mira nada mas así deverian de poner botes de basura x todos lados,infraestructura,2,2,4,1.0,2,2
lo bueno que ya le dieron mantenimiento,infraestructura,4,4,5,4.0,3,4
el problema no es el gobierno el problema es la gente,infraestructura,3,3,3,3.0,4,3
hayyy no,infraestructura,3,3,1,1.0,2,1
clara brugada eso va ser un hotel seguridad es lo que necesitamos no ese hotel de paso,infraestructura,2,2,2,1.0,3,2
siempre buscando el pelo en la sopa,infraestructura,2,2,5,1.0,2,2
es pues la cuarta,infraestructura,3,3,3,3.0,4,3
la bronca no son los baños la bronca es que la gente no sabe cuidar y ps la verdad por eso no podemos tener cosas bonitas,infraestructura,3,2,3,1.0,2,3
gasto innecesario,infraestructura,2,2,1,1.0,2,1
pero qué tal acá por el estado de méxico en cada lluvia parece río,infraestructura,3,2,1,1.0,2,1
zona de crujin jsjs,infraestructura,3,3,3,1.0,3,3
menos de un año les doy,infraestructura,2,2,1,1.0,2,1
es parte de las fuentes de cibeles en el metro hidalgo no se saquen de onda,infraestructura,3,3,3,1.0,3,3
y las escaleras eléctricas ama,infraestructura,3,3,3,1.0,3,3
puras tonteras de este gobierno,infraestructura,2,1,1,1.0,3,1
gobierno ridículo,infraestructura,1,1,1,1.0,4,1
todo muy bonito pero los trenes de la fregada me da risa muy bueno,infraestructura,2,1,1,1.0,3,1
para que nada más duren lo que va a durar el mundial y después se queden ahí abandonados,infraestructura,2,1,2,1.0,2,1
ni van a tener agua,infraestructura,2,1,1,1.0,3,1
y la remodelación que se hizo cuando peña nieto era presidente nadie las crítico por qué,infraestructura,2,2,3,1.0,2,2
no les preocupa,infraestructura,2,3,1,1.0,2,1
ya no te voy a contestar,infraestructura,3,3,3,1.0,3,3
70 de los trenes están descompuestos,infraestructura,2,1,1,1.0,3,1
claudia sheinbaum pardo no queremos mundial queremos nuestra salud,infraestructura,1,1,1,1.0,4,1
we es que es como si pusieran un mantel elegante sobre una mesa ya para aventarla,infraestructura,2,2,1,1.0,2,1
solamente arreglan por encimita cuando toda la estructura ya está a punto de colapsar,infraestructura,2,1,1,1.0,3,1
no les digo cada vez estamos peor,infraestructura,2,1,1,1.0,3,1
es solo para guardar las apariencias,infraestructura,2,2,1,1.0,2,1
pero dice clarita que no es por el mundial,infraestructura,3,3,3,2.0,3,3
cómo experta en la materia que sugiere usted ingeniera del tiktok,infraestructura,3,3,3,3.0,4,3
ojalá y los tengan limpios,infraestructura,3,4,3,1.0,2,3
para cuantos les gustan,infraestructura,3,3,3,1.0,3,3
si falta menos de una semana,infraestructura,3,3,3,3.0,4,3
podra ir hasta la mare en hora pico pero la decoración,infraestructura,3,3,3,2.0,3,3
mejor gastar el dinero en los hospitales en medicamentos,infraestructura,2,2,2,1.0,3,2
va a estar bn asqueroso,infraestructura,2,2,1,1.0,2,1
la palabra pandemia te dice algo,infraestructura,2,3,3,1.0,2,3
es de la antigüedad tenía que hacerce algo real,infraestructura,2,4,2,1.0,2,2
es serio creí eran memes,infraestructura,2,3,3,1.0,2,3
solo por el mundial no puede ser tierra dinero para que la fifa gane,infraestructura,2,2,2,1.0,3,2
pongan uno por mi casa ya que la pared de mi casa es miadero seguro cuando hay carnaval,infraestructura,3,3,3,1.0,3,3
porque nos tocó el gobierno más pen en serio,infraestructura,2,2,1,1.0,2,1
de verían gastar en los hospitales y baños del mismo lugar,infraestructura,2,2,2,1.0,3,2
también se gotean,infraestructura,2,3,3,1.0,2,3
usa uber mija,infraestructura,3,3,3,1.0,3,3
mejor que no haiga mundial no saben los riesgos de salud que puede ver más adelante nueva pandemia,infraestructura,2,2,2,1.0,3,2
y dejenlos,infraestructura,3,3,3,1.0,3,3
según yo antes de la remodelación no había goteras,infraestructura,3,2,2,3.0,2,2
sin comentarios señores esto es méxico,infraestructura,2,3,1,1.0,2,1
exacto las goteras l humedad las escaleras eléctricas que no sirven para eso hubieran usado el presupuesto no que puras cosas inservibles,infraestructura,2,1,1,1.0,3,1
tu votaste por lo actual,infraestructura,3,3,3,1.0,3,3
ahora resulta que ya todos son críticos y arquitectos,infraestructura,2,3,3,2.0,2,2
y luego,infraestructura,3,3,3,1.0,3,3
y para todos aquellos que defiende no es que nos quejemos de todosimplemente es darse cuenta de la realidady si no te gusta y te sientes feliz en tu carrodeberías prestar tu carro para que los demás lo usen,infraestructura,3,2,2,1.0,2,2
está bien luego no hay donde entrar al baño,infraestructura,2,2,2,1.0,3,2
saben como va a terminar eso,infraestructura,2,3,2,1.0,2,2
mexico magico,infraestructura,5,3,5,5.0,3,5
no pues para que lo empiezan 8 días antes yo digo que en esos días salgamos más para que sepan nuestra situación real,infraestructura,2,2,2,1.0,3,2
ninngun chile les embona,infraestructura,2,3,1,1.0,2,1
bye bye moteles,infraestructura,4,3,1,1.0,2,1
te falto grabar a la gente,infraestructura,3,3,3,3.0,4,3
sin papel y sin agua para que,infraestructura,2,1,1,1.0,3,1
mejor que inviertan en medicamentos búsqueda de desaparecidos seguridad y escuelas ya es un cinismo el del gobierno,infraestructura,1,1,1,1.0,4,1
eso es culpa de calderón,infraestructura,2,2,1,1.0,2,1
y dicen que nada nos envona,infraestructura,2,3,1,1.0,2,1
y el mantenimiento de los triste,infraestructura,2,2,3,1.0,2,2
creen que colocando una lámpara tipo farol en una pared ya es una remodelación me da risa,infraestructura,2,2,1,1.0,2,1
de todo se quejan como si el prian hubiese hecho algo de mantenimiento a las líneas del metro hasta lo que no comen les hace daño,infraestructura,2,2,5,1.0,2,2
pero solo arreglaron los ventiladores de la línea azul pero que hay de los ventiladores de las otras lineas bien gracias,infraestructura,2,2,2,1.0,3,2
lo van a desvalijar el primer día,infraestructura,2,1,1,1.0,3,1
mejor que den más material y medicamentos a los hospitales,infraestructura,2,2,2,1.0,3,2
si los gobiernos realmente hicieran buen uso de nuestros impuestos este sería un metro digno para el mundial y no esas ridículeses,infraestructura,2,1,1,1.0,3,1
a mi me dio mucha risa ver los candelabros de hidalgo me da risa,infraestructura,2,1,3,1.0,2,1
de verdad nada nada nada les embona,infraestructura,1,1,1,1.0,4,1
more y sus cosas,infraestructura,3,3,3,1.0,3,3
si no arreglan las calles los metros van a estar dando de limpieza los baños,infraestructura,2,2,1,1.0,2,1
que no lo vea el arqui,infraestructura,2,3,3,1.0,2,3
todo ese gasto debería haber servido para darle mantenimiento a las vías férreas del metro,infraestructura,2,2,2,1.0,3,2
si ridículo el gobierno el circo mejor pagado del mundo,infraestructura,1,1,1,1.0,4,1
hacen falta insumos médicos en los hospitales y solo por la visita de turistas están haciendo mejoras en la ciudad,infraestructura,2,2,2,1.0,3,2
esas filtraciones es por el trafico diario de la ciudad lo único que hicieron fue remodelarlos acabados tu narrativa fuera de contexto,infraestructura,3,4,2,2.0,2,2
ustedes enserio creen que si lo hubieran arreglado antes aun estaría en buenas condiciones que no lo van a pintar pegarle cosas y de más la gente no sabe cuidar y respetar lo poquito o mucho que hacen ya hay puentes que grafitiaron y estaban recién pintados las paredes de los edificios los mismos anuncios y hasta las luminarias,infraestructura,3,3,3,1.0,3,3
solo tenían que pulir el mármol y arreglar las fisuras que entraban en las lluvias y lo más importante comprar nuevos trenes eso era todo,infraestructura,2,2,2,1.0,3,2
dicen que uno abandona el barrio pero el barrio jamás te abandona,infraestructura,3,3,3,1.0,3,3
no hay prioridades solo maquillando para que se vea bonito pero de fondo o no sirve o se está cayendo ejemplo mega farmacia tren maya aeropuerto y podemos seguirle,infraestructura,1,2,1,1.0,3,1
minihoteles para los visitantes,infraestructura,3,3,3,3.0,4,3
si no hay botes d ebasura saben cómo va a estar eso jajajajaa,infraestructura,2,1,1,1.0,3,1
es la brugadizacion de la cdmx,infraestructura,2,3,1,1.0,2,1
por 5 pesos para que te sientas como en tu casa,infraestructura,3,1,1,1.0,3,1
así es la vida le arreglas una cosa y se descompone otra,infraestructura,3,3,3,2.0,3,3
es impresionismo arte abstracto lo pintó un artista famoso y costo millones,infraestructura,3,3,3,2.0,3,3
no deverian estar cerca del estadio,infraestructura,2,2,2,1.0,3,2
lo importante será que va a pasar despues del mundial claudia sheinbaum pardo clara brugada,infraestructura,3,3,3,2.0,3,3
y nosotros que nos cargue la muy malo,infraestructura,1,1,1,1.0,4,1
a mí sí me gusta mucho,infraestructura,5,5,5,5.0,4,5
es q es una fuente,infraestructura,3,3,3,2.0,3,3
atentos grafiteros,infraestructura,2,3,3,1.0,2,3
cuando le calculan para que estén bandalizados y abandonados,infraestructura,2,1,1,1.0,3,1
sinlo hubieran hecho desde el principio para hoy no se vería bonito qué es lo que quieren aparentar no es para nosotros es para quedar bien con las visitas y vivo en esta zona,infraestructura,2,2,2,1.0,3,2
y afuera van a cobrar,infraestructura,2,2,3,1.0,2,2
pero deberían dejarlos para siempre y poner más en sonas específicas de barrió también,infraestructura,2,2,2,1.0,3,2
mejor que pongan camaras,infraestructura,2,3,4,1.0,1,1
que compren medicinas x qué luego no hay en el seguro ni para la presión,infraestructura,1,1,1,1.0,4,1
esos candelabros me recuerdan a casa de nuevo rico no importa nada más que los garigoles y lo dorado barato algo fuera de lugar y con mal gusto,infraestructura,2,1,1,1.0,3,1
mmm,infraestructura,3,3,3,3.0,4,3
me da risa con goteras y las calles se inundan difícil de creer,infraestructura,2,1,1,1.0,3,1
solo faltan que pongan uso exclusivo para turistas,infraestructura,2,3,2,2.0,3,2
y dice la presidenta que somos primer mundo me da risa,infraestructura,2,1,1,1.0,3,1
y no hay enseres en el ims,infraestructura,2,1,1,1.0,3,1
haré mis cruces de caca,infraestructura,3,3,1,1.0,2,1
nada les parece,infraestructura,2,3,3,1.0,2,3
y la pinturita morada,infraestructura,3,3,3,2.0,3,3
porque no empiezan a comprar medicamentos para la nueva pandemia que se va venir gracias a este mundial,infraestructura,2,1,1,1.0,3,1
exactamente que arregle mejor las calles banquetas drenajes ya que el gobierno tiene el poder y el dinero,infraestructura,2,4,2,1.0,2,2
próximamente,infraestructura,3,3,3,3.0,4,3
cómo siempre este gobierno gastando en frivolidades,infraestructura,2,1,1,1.0,3,1
maría aguilera,infraestructura,3,3,3,2.0,3,3
cuánto iremos a pagar por sus caprichos todo está subiendo de precio,infraestructura,2,2,1,1.0,2,1
ni el reloj que es necesario existe,infraestructura,2,3,1,1.0,2,1
la gente no entiende que no entiende y aparte no cuidan nada,infraestructura,2,2,1,1.0,2,1
queremos mantenimiento no adornos,infraestructura,2,2,1,1.0,2,1
hay que saborearlos pintarlos etc,infraestructura,3,3,3,3.0,4,3
si no van a estar a tiempo ya de mínimo que las terminen,infraestructura,2,2,2,1.0,3,2
en eso gastan los impuestos,infraestructura,2,2,1,1.0,2,1
no que ya esta,infraestructura,3,3,3,1.0,3,3
es un asco el govierno,infraestructura,1,1,1,1.0,4,1
déjanos con esos pequeños momentos de finura porfavor,infraestructura,2,3,5,1.0,1,1
mejor q tapen los baches,infraestructura,2,2,2,1.0,3,2
es como cuando me pedían recoger mi cuarto y aventaba toda la ropa al ropero para que no se viera tan mal,infraestructura,2,2,1,1.0,2,1
ya vi a los habitantes de calle durmiendo ahi,infraestructura,2,1,1,1.0,3,1
quién los habrá licitado cuánto van a costar,infraestructura,3,3,3,2.0,3,3
no se si llorar o reír,infraestructura,2,3,1,1.0,2,1
todo hace juego,infraestructura,5,3,5,3.0,2,3
gastaron en embellecer y no hay trenes,infraestructura,2,2,1,1.0,2,1
me da risa ese vídeo está bueno es pura estampa nada más,infraestructura,2,3,3,2.0,2,2
general anaya está muy lento en remodelación y es un caos porque hay que buscar la salida,infraestructura,2,2,2,1.0,3,2
excepto que no remodelaron solo redecoraron,infraestructura,2,2,2,2.0,4,2
bienvenida a la cuarta transformación,infraestructura,3,5,5,4.0,2,5
ay mi méxico todo a última hora y solo por encimita,infraestructura,2,2,2,1.0,3,2
ningún chile les embona,infraestructura,2,3,1,1.0,2,1
exacto,infraestructura,3,3,3,1.0,3,3
lo que urge son botes para basura,infraestructura,2,2,2,1.0,3,2
la 4t va,infraestructura,5,3,5,1.0,2,5
esas filtraciónes ya son muy dificil,infraestructura,3,3,3,1.0,3,3
y esos baños si tendrán agua,infraestructura,2,2,3,1.0,2,2
es que la prioridad era la elegancia de francia aunque se caiga el techo o llueva en las estaciones a la mejor más allá de eso su visión es que tenga un toque romántico con lluvia es bromis pero si deberían de arreglar lo más importante en vez de los candelabros,infraestructura,2,2,2,1.0,3,2
justo así esta en la linea 7 estación río san joaquín ya está muy pintado por dentro pero en el techo las goteras hay hasta cartones en el piso para que absorban el agua pero muy pintado todo y las escaleras eléctricas sin funcionar ver para creer,infraestructura,2,1,1,1.0,3,1
dónde donde para ir a ensuciarlo y no bajarle al baño,infraestructura,2,3,1,1.0,2,1
al intentar dar una buena impresión van hacer completamente lo contrario,infraestructura,2,2,1,1.0,2,1
remodelación estética solamente para controlar esas goteras imaginen el tipo de trabajo que tienen que hacer y esa zona es muy difícil de tratar ya que con temblores el hundimiento y el paso de el tiempo es normal que se hagan,infraestructura,2,3,3,2.0,2,2
en un vídeo anterior decían que nada nos embona y no es eso es el hecho de que hay cosas que son necesarias y no son atendidas es querer aparentar algo que no,infraestructura,2,2,2,1.0,3,2
volten a la comunidad estudiantil,infraestructura,3,3,3,2.0,3,3
justo puro arreglo estético pero vean todas las goteras que se hacen cuanto de cuarteados están las escaleras,infraestructura,2,2,2,1.0,3,2
ya se abrió una carpeta de investigación de que pasó ahí se necesitan pruebas v,infraestructura,2,3,3,1.0,2,3
yo creo que si pintan de morado las goteras se soluciona,infraestructura,2,2,1,1.0,2,1
que pongan de esos en ecatepec,infraestructura,3,3,3,1.0,3,3
porqué no arreglar los baches,infraestructura,2,2,2,2.0,4,2
cuantos miles de millones van a costar,infraestructura,2,2,3,2.0,3,2
trabajos al vapor no hay planeación porque rayos no se anticipación,infraestructura,2,2,1,1.0,2,1
que esperaban,infraestructura,3,3,3,1.0,3,3
si wey como si los equipos fueran a jugar en el metro,infraestructura,3,3,1,1.0,2,1
exactamente prioridad a lo realmente importante,infraestructura,2,2,1,1.0,2,1
para si hay presupuesto pero para tratamiento oncologico no wow,infraestructura,2,1,1,1.0,3,1
y ya los rayaron,infraestructura,2,3,2,1.0,2,2
no les arreglen nada la gente no sabe cuidar,infraestructura,2,2,2,1.0,3,2
a la gente nunca le das gusto,infraestructura,2,2,3,1.0,2,2
puras jaladas,infraestructura,2,3,1,1.0,2,1
es lo q sucede cuando solo echan pintura para cubrir defectos es como querer tapar el sol con un dedo,infraestructura,2,2,1,1.0,2,1
así quedó tacubaya,infraestructura,2,3,3,1.0,2,3
van a quedar bien cagados y bien tapados,infraestructura,1,1,1,1.0,4,1
claudia sheinbaum pardo,infraestructura,3,3,3,2.0,3,3
y ese backroom,infraestructura,3,3,3,1.0,3,3
pues el gobierno nunca actúa a tiempo no me sorprende que quisieran hacerlo 6 meses antes del mundial,infraestructura,2,2,1,1.0,2,1
qué bueno que todo eso se va a ver a nivel mundial,infraestructura,5,4,5,4.0,2,4
weeeeey está bien exactamente para eso para nesecidades de las personas y espero que si cobren aquí tiene que ver mucho la educación del hogar,infraestructura,3,3,4,,2,3
y el estado vlv no mms,infraestructura,2,3,1,1.0,2,1
we juran que el gobierno debe de estar con cámara de vigilancia buscando el mínimo detalles de cualquier cosa para repararlo en segundos jajajajajaj,infraestructura,2,1,1,1.0,3,1
ay que bueno porque yo siempre me ando haciendo popis y es bien difícil encontrar donde o quien te dejé entrar al fin alguien pensó en nosotros los cagones,infraestructura,3,5,3,1.0,2,3
a nosotros los viejos ya no nos gusta nada,infraestructura,2,3,1,1.0,2,1
estudie en inglaterra y déjame decirte que esa filtración no es nada comparado con las inundaciones de por allá,infraestructura,3,3,3,2.0,3,3
el código de vestimenta,infraestructura,3,3,3,,3,3
gobierno sonso,infraestructura,2,1,1,1.0,3,1
ese tono va acordé con mi stiker,infraestructura,3,3,3,2.0,3,3
y se va a venir todo abajo en la primer lluvia,infraestructura,2,1,1,1.0,3,1
metro wey,infraestructura,3,3,1,1.0,2,1
muy al estilo de de morena,infraestructura,2,3,1,1.0,2,1
jjj no mmm,infraestructura,3,3,1,1.0,2,1
en europa ya hay de esos si se pudo ocupar en otros factores pero a la larga si lo podremos aprovechar en paris y berlín hay y se limpian solos creo que sencillamente no sabemos cómo sirven pero si ayudan y no no son gratuitos,infraestructura,3,3,3,2.0,3,3
ni al caso esos candelabros en el metro son para una edificación colonial o algo donde reslmente luzcan de acuerdo a cierto tipo de arquitectura o edificacio pero en el metro,infraestructura,2,3,3,1.0,2,3
está de lujo,infraestructura,5,5,5,1.0,3,5
otra que nada le embona,infraestructura,2,2,1,1.0,2,1
mejor me río,infraestructura,2,3,1,1.0,2,1
me da risa chula imagen para los 3 turistas que vendrán,infraestructura,2,2,1,1.0,2,1
por fin,infraestructura,5,3,5,4.0,2,5
toodo el desmadr3 por solo 5 partidos de fut,infraestructura,2,2,1,1.0,2,1
pongan botes de basura que no ha en ningún lado mejor,infraestructura,2,2,2,1.0,3,2
o que la canción nada t envona,infraestructura,3,3,3,1.0,3,3
eso le da un toque vintage,infraestructura,3,3,3,3.0,4,3
está bien ambientado en los 1800 quien tenía buen drenaje,infraestructura,3,1,1,1.0,3,1
el colmo,infraestructura,2,3,1,1.0,2,1
te informo el metro no es campo de fútbol porque tiene que estar listo,infraestructura,3,2,3,3.0,3,3
falta mantenimiento hay muchas goteras,infraestructura,2,2,2,1.0,3,2
hay que aceptar que no hay presupuesto para gotera y pintura lo ilogico de esta administración,infraestructura,2,2,2,1.0,3,2
tres días después todo pintado me da risa donde anda esos crack,infraestructura,2,2,1,1.0,2,1
ya nada nas da risa me da risa,infraestructura,2,3,1,1.0,2,1
exacto por apariencia,infraestructura,2,3,3,1.0,2,3
les falló un poquito la imagen querían dar el gatazo de una estación en moscú mejor hubieran intentado copiar una estación de new york para eso no hace falta presupuesto y pudieron haber presentado una estación estilo primerísimo mundo,infraestructura,2,2,2,1.0,3,2
se abrirá de inmediato una carpeta de investigación,infraestructura,3,3,3,1.0,3,3
es que no sabes son las cascadas que pondrán en próximo año,infraestructura,3,3,3,1.0,3,3
y luego en la esquina de la ciudadela ya vi el crujin me da risa,infraestructura,3,2,1,1.0,2,1
pasando el mundial los quitan sólo es para aparentar,infraestructura,2,2,1,1.0,2,1
gobierno de la ciudad de méxico,infraestructura,3,3,3,3.0,4,3
si no les gusta que no se suban,infraestructura,3,3,3,1.0,3,3
me da risa,infraestructura,2,3,1,,1,1
buena idea pero estoy segura que estarán pésimos porque no tendrán mantenimiento,infraestructura,2,2,2,1.0,3,2
que esté listo en el momento que sea el mundial es un buen pretexto para arreglarlo y que bueno,infraestructura,4,4,4,4.0,4,4
acá decimos te dan atole con el dedo,infraestructura,2,1,1,1.0,3,1
que va a pasar después quien les va a dar mantenimiento,infraestructura,2,2,3,1.0,2,2
ah ca y las goteras son el plus o qué,infraestructura,2,1,1,1.0,3,1
ya van a estrenar casa las personas de la calle,infraestructura,2,1,1,1.0,3,1
deberían tapar baches si quieren quedar bien,infraestructura,2,2,2,1.0,3,2
los candelabros iluminan bien la goteras,infraestructura,2,1,1,1.0,3,1
que iglesia es,infraestructura,3,3,3,3.0,4,3
que pongan uno por mi casa porque la gente va a mear y cagar afuera de mi puerta,infraestructura,2,1,2,1.0,2,1
puro impuestos de los trabajadores q bárbaros pero en fin,infraestructura,2,1,1,2.0,2,1
baños públicos que cobran jjn,infraestructura,2,3,3,1.0,2,3
confirmo las goteras quedaron intactas,infraestructura,2,1,1,1.0,3,1
esos candelabros son lo mas inútiles de la vida,infraestructura,2,1,1,1.0,3,1
mmm a ver cuánto duran la verdad,infraestructura,3,3,2,2.0,2,2
que es estooooooo,infraestructura,3,3,3,1.0,3,3
y si mejor verifican la falta de agua en ao,infraestructura,2,2,2,1.0,3,2
no hay cámaras,infraestructura,2,3,1,1.0,2,1
los van a instalar pero no los van a poner en servicio,infraestructura,2,2,2,1.0,3,2
exacto el peor gobierno que he vivido,infraestructura,1,1,1,1.0,4,1
mejor que pongan botes de basura en todos lados hasta en el metro,infraestructura,2,2,4,1.0,2,2
no lo se luego andas por ahí con el topo atorado y sin cambio me entristece,infraestructura,2,1,1,1.0,3,1
ves que ya no alcanzo el presupuesto para eso era candelabros o techo y el inge lo dejo a la suerte agilas candelabros,infraestructura,2,2,2,1.0,3,2
ahorita méxico es como nosotros de chiquitos toda la media hora,infraestructura,3,2,1,1.0,2,1
justo vi en un video como pintaban de morado un edificio en ruinas que ya se estaba cayendo,infraestructura,2,1,1,1.0,3,1
roma no se construyó en un día por algo se empieza para mí bellos los candelabros,infraestructura,3,3,4,1.0,2,3
de tanta gente ni se va a ver,infraestructura,2,2,2,1.0,3,2
esto es como pegar el retrovisor con cinta canela,infraestructura,2,1,1,1.0,3,1
debería también implementar contenedores grandes de basura para que la gente ya no sea tan cochina y ahí depositen su basura,infraestructura,2,2,4,1.0,2,2
nada les gusta al menos no se quedan el dinero como el prian,infraestructura,2,4,4,1.0,2,4
perfectos para hacer cruising,infraestructura,3,3,3,3.0,4,3
es denigrante como el gobierno trata el transporte público y eso que es el transporte público de la capital del país,infraestructura,2,1,1,1.0,3,1
eso es tapar el sol con un dedo,infraestructura,2,1,1,1.0,3,1
a la gente no la tienes contenta,infraestructura,2,2,2,1.0,3,2
me da risa y las calles todas madreadas,infraestructura,2,1,1,1.0,3,1
cuando meterán presupuesto para medicamentos en hospitales vlnv,infraestructura,2,2,1,1.0,2,1
haber super geniocomo detienes esa humedad a esa profundidad y con agua encima,infraestructura,3,3,3,1.0,3,3
transformación de 4ta,infraestructura,3,3,5,3.0,3,3
cuanto van a cobrar por usarlos,infraestructura,3,3,3,3.0,4,3
es que le falto pintura morada,infraestructura,3,3,2,1.0,2,3
justo comenté en otro video que a ver si su estación fifi no se hundía con la primera lluvia como el titanic y siiiii,infraestructura,2,1,1,1.0,3,1
te odio cheinbaun,infraestructura,1,1,1,2.0,3,1
la neta si da vergüenza,infraestructura,1,1,1,1.0,4,1
y los baches pa cuando,infraestructura,2,2,2,1.0,3,2
quiero llorar pero tendré que actuar con mis derechos,infraestructura,2,3,1,1.0,2,1
no saben en qué pedote se metieron,infraestructura,2,2,1,1.0,2,1
que ponga letrinas o existen los baños públicos que les cobren 10 dólares,infraestructura,2,2,1,1.0,2,1
van a terminar vandalizados y por lo regular sin funcionamiento,infraestructura,2,1,2,1.0,2,1
si investigaras por que pasa eso y por que es casi imposible eliminar las goteras de los metros y digo metros por que pasa en todo el mundo,infraestructura,3,3,3,2.0,3,3
pintura morada ajokotes y listo,infraestructura,3,3,1,1.0,2,1
al chile que bueno,infraestructura,5,5,5,3.0,3,5
deberían mejor hacer más hospitales ya que están saturados,infraestructura,2,2,2,1.0,3,2
es para que haga contraste con la arquitectura,infraestructura,3,3,3,3.0,4,3
que mal,infraestructura,2,2,1,1.0,2,1
esas goteras son echas a igualmente para dar el estilo antiguo como si pasaras por un callejón en la lluvia,infraestructura,3,4,3,1.0,2,3
dar mantenimiento a toda la ciudad de méxico pintar paredes escombrar los jardines limpiar puentes peatonales y vehículares plantar más árboles afuera de chapultepec donde muchos fueron cortados ahora que fui de visita todo abandonado ya pónganse las pilas,infraestructura,2,2,1,1.0,2,1
que decepción ojalá hicieran bien las cosas,infraestructura,2,2,1,1.0,2,1
viva morena,infraestructura,5,5,5,2.0,3,5
es sistema de humidificación,infraestructura,3,3,3,3.0,4,3
gastan en todo menos en lo que se necesita,infraestructura,2,2,1,1.0,2,1
cómo todo lo que hace la jefa de gobierno y la presidenta,infraestructura,2,5,3,1.0,1,1
en qatar 2022 faltaba 1 semana para el mundial y todavía no había 2 estadios listos,infraestructura,2,2,3,2.0,3,2
hay para que ponen eso sí van a cobrar cuál es el beneficio,infraestructura,2,2,2,1.0,3,2
para que vergas,infraestructura,1,3,1,1.0,3,1
no va durar ni 1 año porque lo van a ensuciar mucho por fuera y lo van a pintar y dudo que lo atiendan y le cambien el agua siempre,infraestructura,2,2,2,1.0,3,2
disfruten su voto,infraestructura,3,3,1,1.0,2,1
hay ora en un año ya no estarán,infraestructura,3,3,2,1.0,2,3
te se está empezando a meter el agua al titanic,infraestructura,2,1,1,1.0,3,1
las líneas son temáticas vi que auditorio parece un toks,infraestructura,3,3,3,3.0,4,3
somos bendecidos por tenene un medio transporte barato por 5 pesos ya ven los del estado pagan lo triple,infraestructura,3,4,5,1.0,1,1
nada les embona,infraestructura,2,3,1,1.0,2,1
y qué tal si te lo suben a 10 pesos,infraestructura,2,1,3,1.0,2,1
ay que cosa no se si reír o ponerme a llorar por la burla de las autoridades,infraestructura,2,2,1,1.0,2,1
maquillaje barato del bienestarttt,infraestructura,2,3,1,1.0,2,1
que con la pintura morada queda,infraestructura,3,3,3,1.0,3,3
ni un chile les embona deberas,infraestructura,2,1,1,1.0,3,1
deberas ya no saben ni que hacer,infraestructura,2,2,1,1.0,2,1
con pintura morada y unos ajolititos quedan,infraestructura,3,3,1,1.0,2,1
y ya terminaron las obras,infraestructura,3,3,3,1.0,3,3
las bromas del gobierno,infraestructura,2,3,1,1.0,2,1
también tú ni modo que remodelaran en la remodelación me da risa,infraestructura,2,1,1,1.0,3,1
es otro gasto inútil y lo que necesita la ciudad bien gracias baches y tendrían que dejar un policía porque aquí no respetan nada,infraestructura,2,2,1,1.0,2,1
que pena cdmx,infraestructura,2,2,1,1.0,2,1
me da risa eso también lo invento tv azteca me da risa,infraestructura,2,1,1,1.0,3,1
es decoracion no una verdadera remodelacion,infraestructura,2,2,2,1.0,3,2
para los que se quejan de los baños así seguro es por qué no han visto los baños públicos de amsterdam me da risa,infraestructura,3,1,3,2.0,2,3
para que despues estén tomados por la gente en situación en calle o un foco de infección muy intensa hasta se metan la gente hacer crussing,infraestructura,2,1,1,1.0,3,1
quieren tapar el sol con un dedo,infraestructura,2,2,1,1.0,2,1
nuevas casas para las personas en situación de calle,infraestructura,4,5,5,5.0,3,5
arreglos por acá y todos los defectos de más cosas cuando,infraestructura,2,2,2,1.0,3,2
que funcionen los baños del metrobus los elevadores del metro sorprendente nunca votaré de nuevo por morena,infraestructura,2,1,1,1.0,3,1
por ejemplo seguridad,infraestructura,3,3,3,2.0,3,3
que horror,infraestructura,1,1,1,1.0,4,1
pudieron arreglar la ciudad pero no los hospitales ojalá que con toda la derrama económica que se tendrá lo del mundial mejoren los servicios públicos de primera necesidad,infraestructura,2,2,2,2.0,4,2
ya como en paris jajaa,infraestructura,2,3,1,1.0,2,1
si el metro es un asco ahora con los trabajos en pleno servicio peor no compa date una vuelta en ecaterror ahí en plaza ecatepec anda del asco en ese tramo y llevan repavimentando un pedazo desde hace 3 semanas,infraestructura,2,2,1,1.0,2,1
csm,infraestructura,3,3,1,2.0,2,3
pero seguimos con baches,infraestructura,2,2,2,1.0,3,2
y las calles para cuando las pavimentan y la seguridad para cuando,infraestructura,2,2,1,1.0,2,1
tanta deficiencia en el servicio de transporte que creo que los mismos usuarios están concientes ya que se debe aplicar el costo real al boleto,infraestructura,2,2,2,1.0,3,2
y qué,infraestructura,3,3,3,1.0,3,3
puras mmds,infraestructura,3,3,1,,2,3
hoteles gratis,infraestructura,3,3,3,1.0,3,3
la mayoría de gente gasta en cigarros cocas cervezas alcohol fiestas a lo wey y ahorita que somos pais anfitrión y quieren que méxico no se vea tan pichurriento y que ahorre todo,infraestructura,3,2,3,1.0,2,3
grítalo que es la verdad,infraestructura,2,3,3,1.0,2,3
si el metro de mty tampoco méxico todo a última hora,infraestructura,2,2,2,1.0,3,2
falta que arreglen la línea de barranca del muerto y dirección el rosario también está en pésimas condiciones,infraestructura,2,2,2,1.0,3,2
si ubican que solo habrá 5 partidos en cdmx 5 de 104 mucha inversión para la expectativa de turistas,infraestructura,2,2,2,2.0,4,2
quién aprobó esa mmd,infraestructura,3,1,1,1.0,3,1
y tapar los baches no les gusta,infraestructura,2,2,1,1.0,2,1
se están gastando más dinero por hacerlo a las prisas que si bien hubieran empezado hace 8 años y hubieran hecho mejor trabajo,infraestructura,2,2,2,1.0,3,2
bro reemplazaron el fokin mármol por material mas barato y menos duradero quien se quedó con todo el mármol,infraestructura,2,1,1,1.0,3,1
el problema no son los baños es la gente,infraestructura,3,3,3,1.0,3,3
exactamente las cosas realmente funcionales estan obsoletas por fuera bonito y al interior una porquería,infraestructura,2,1,1,1.0,3,1
gastos innecesarios mejor que arreglen las goteras,infraestructura,2,2,1,1.0,2,1
tranquila reyna esperamos,infraestructura,3,3,3,3.0,4,3
no eso lo dejaron así porque posteriormente van a grabar las escenas del titanic tranquilos este gobierno piensa en todo,infraestructura,3,1,1,1.0,3,1
nada les embona no doblada ni enrollada,infraestructura,2,2,1,1.0,2,1
pero en verdad que no hay visión tiene que estarles explicando todo para llegar a la ambientación deseada hay que dejar esas filtraciones de agua para utilizar paraguas estilo colonial que por supuesto estarán a la venta en los alrededores de las entradas del metro les falta visión,infraestructura,2,2,2,1.0,3,2
y si arreglan los vagones del metro,infraestructura,2,2,3,2.0,3,2
me preguntó cuánto habrán costado en realidad esas luminarias porque es muy seguro que alguien se llevó muy buena comisión,infraestructura,2,1,2,1.0,2,1
perdon falto un poco de pintura morada,infraestructura,3,3,2,3.0,3,3
yo esperando el metro,infraestructura,3,3,3,3.0,4,3
y después de dos meses estarán olvidados y servirán de basurero,infraestructura,2,1,1,1.0,3,1
ahí deberían colocar buna fuente,infraestructura,3,3,3,1.0,3,3
en medicamentos para el imss para personas con cáncer o demás deberían de hacer y no gastar el dinero aparentando méxico es súper woooo,infraestructura,2,1,1,1.0,3,1
enserio me estás diciendo que todas esas remodelaciones y gasto público es para 5 partidos que va a haber pensé que era para los usuarios diarios,infraestructura,2,2,2,2.0,4,2
despierta méxico,infraestructura,5,3,5,5.0,3,5
tanto dinero que deja el metro a diario y nada de mantemiento vamos bien,infraestructura,1,1,1,1.0,4,1
si es buena opción con el débido mantenimiento desde hace años lo hubieran instalado,infraestructura,2,2,2,2.0,4,2
ja ja ja ja ja ja yyojsla lo vean las autoridades y no salgan con que tienen otros datos,infraestructura,2,3,1,1.0,2,1
no más gastan dinero a lo tonto hay prioridades,infraestructura,2,2,1,1.0,2,1
increíble,infraestructura,5,3,3,1.0,2,3
que den más instrumentos aparatos y medicamentos para hospitales,infraestructura,2,2,2,1.0,3,2
hay al ratito van a decir que costo mil de millones para justificar su robo me da risa,infraestructura,1,1,1,1.0,4,1
pov comienzan a cerrar estaciones estoy segura que seguramente entre semana empezarán a cerrar como lo hacen en fin de semana queque desmadre se hace,infraestructura,2,2,3,1.0,2,2
esos serán moteles no se agan,infraestructura,2,3,1,1.0,2,1
comentario,infraestructura,3,3,3,3.0,4,3
seguridad para la gente del mencho seguridad para extranjeros y para cuándo la seguridad para los ciudadanos bueno igual se les olvida un poquito cuando tienen que ejercer sus derechos y ver a shakira,seguridad,2,2,1,2.0,3,2
deberían cancelar el mundial en méxico por seguridad no deberían hacerlo acá,seguridad,2,1,1,1.0,3,1
para mí que gana portugal,seguridad,3,3,3,3.0,4,3
ojalá los encuentren dios los bendiga,seguridad,3,3,3,1.0,3,3
no al mundial,seguridad,1,1,1,1.0,4,1
el gobierno que hace para el mundial si el mundial lo hace la fifa,seguridad,3,3,2,1.0,2,3
qué pena que sea para cuidar a los turistas y no lo hagan siempre para cuidar a los mexicanos,seguridad,2,2,2,1.0,3,2
apoyo la manifestación el día del mundial,seguridad,2,2,1,1.0,2,1
porque no entienden que no se trata de partidos políticos ni gobiernos se trata de quien gobierna cada entidad quien este en la presidencia es lo mismo hará lo que pueda en su gobierno pero los que son los gobernadores delegados o presidentes de cada entidad son los que hacen lo que quieren,seguridad,3,3,3,2.0,3,3
el dinero y el football es más importante que las vidas de la gente todo mundo lo sabe,seguridad,2,1,1,1.0,3,1
el mundial es un tape de ojo pará lo que se viene todo lo que roba el gobierno,seguridad,2,1,1,1.0,3,1
ni regalado,seguridad,1,1,1,1.0,4,1
todo eso para proteger extranjeros pero a los mexicanos que nos lleve la chgda me da risa,seguridad,2,1,1,1.0,3,1
ojalá cancelen el mundial,seguridad,1,1,1,1.0,4,1
que tristeza,seguridad,2,2,1,1.0,2,1
ya ven que no terminan con el narco nada más porqué no quieren,seguridad,1,1,1,1.0,4,1
osea se preocupan por todos menos por nosotros los mexicanos me entristece,seguridad,2,2,1,1.0,2,1
queremos seguridad no mundial,seguridad,2,2,1,1.0,2,1
por qué no hablan de cancelar el mundial en estados unidos por riesgo a un ataque,seguridad,2,2,3,1.0,2,2
ya que cancelen el mundial por fsvooooor,seguridad,1,1,1,1.0,4,1
si ellos mismos te roban también es algo que no tiene sentido deben tener más cuidado ya que te quitan dinero,seguridad,2,1,1,1.0,3,1
para que tanta seguridad si se trata de un evento deportivo,seguridad,2,2,2,2.0,4,2
que impotencia,seguridad,2,2,1,1.0,2,1
tienen razón no se vale,seguridad,2,1,1,1.0,3,1
espero que algún día tenga respuesta de donde esta sus ijos,seguridad,2,2,3,1.0,2,2
méxico protegiendo a todos menos a los mexicanos ojalá no haya mundial neta,seguridad,1,1,1,1.0,4,1
boicot al mundiaaaaaaal,seguridad,1,1,1,1.0,4,1
mucha fuerza y luz para todos los padres buscadores,seguridad,3,3,3,5.0,3,3
y los medicamentos en los servicios de salud para cuando,seguridad,2,2,1,1.0,2,1
deja tu flor interactuando,seguridad,3,3,3,2.0,3,3
no necesitamos un mundial necesitamos apoyo para las madres buscadoras,seguridad,1,2,1,1.0,3,1
no queremos mundial,seguridad,1,1,1,1.0,4,1
entonces si había tecnología para acabar con el crimen organizado pero no querían trabajar,seguridad,2,1,1,1.0,3,1
por favor fifa cancele el mundial en méxico está muy muy peligroso,seguridad,1,1,1,1.0,4,1
plan para defender a los ciudadanos nah aqui no hacemos eso,seguridad,1,2,1,1.0,3,1
que nos quieren decir que si se puede hacer operativos de seguridad pero no para el pueblo bueno y pero si para los turistas que cinismo de este gobierno,seguridad,2,1,1,1.0,3,1
duele mucho este tema estos hechos duelen mucho me entristece mucho,seguridad,1,1,1,1.0,4,1
terminando el mundial continuamos sin seguridad,seguridad,2,2,1,1.0,2,1
marcha el día de la inauguración,seguridad,5,3,3,1.0,2,3
es que el mundo se acaba para unas personas y sigue para otras los que no tienen problemas si desean el mundial lo siento en verdad por los que una tristeza o injusticia hará que vean al mundial como un gasto innecesario,seguridad,3,2,2,2.0,3,2
toda mi empatía con los padres buscadores,seguridad,2,3,1,4.0,1,1
plan para que el país mejore plan para el mundial solamente,seguridad,2,2,2,1.0,3,2
reclámale a tu gobernador,seguridad,2,3,3,1.0,2,3
no sabía que contábamos con tantos elementos de defensa aérea en el país además por qué mencionan medidas y entrenamiento contra terrorismo,seguridad,3,3,3,2.0,3,3
va a ser un caos total,seguridad,2,2,1,1.0,2,1
ah bueno los mexicanos valemos madre,seguridad,2,1,1,1.0,3,1
con quién nos comunicamos para apoyar con la impresión y el pegado de fichas,seguridad,3,4,3,3.0,3,3
todo sea por el futbol y a la población que se la lleve el cuerno,seguridad,1,2,1,1.0,3,1
méxico es un estado fallido,seguridad,1,1,1,1.0,4,1
por que no implementan un plan para todo mexico,seguridad,2,2,2,1.0,3,2
no queremos mundial,seguridad,1,1,1,1.0,4,1
carolom lo ideal sería boicotear el mundial y no acudir al estadio no consumir de las marcas patrocinadoras pero seguiré soñando porque en mi méxico mágico eso jamás sucedería,seguridad,1,2,1,1.0,3,1
entonces para el gobierno es prioridad la seguridad de 5 5 millones de turistas por 1 mes que la de 134 millones de mexicanos todo el año,seguridad,1,2,1,1.0,3,1
eso significa que si pueden implementar seguridad solo que no les interesa proteger a los mexicanos,seguridad,2,1,1,1.0,3,1
esto ya es demasiado grave par nuestro país,seguridad,1,2,1,1.0,3,1
nosotros como mexicanos debemos cancelar dicho mundial ya que el dinero recaudado no es para el país es para el gobierno dos quien nos asegura que no va ver atentados en los estadios hoteles avenidas principales mejor cancelarlo,seguridad,1,1,1,1.0,4,1
eso no le importa al gobierno tristemente me entristece muchisimo,seguridad,2,2,1,1.0,2,1
bravo por esa gente,seguridad,5,5,5,5.0,4,5
se aplaude y la pregunta es y porque no hacerlo permanente para cuidarnos a los mexicanos que vivimos aqui,seguridad,3,4,4,4.0,3,4
yo te apoyo por qué hoy son tus hijos mañana no quiero que sean los míos,seguridad,5,2,4,1.0,1,1
neta méxico tiene todo para ser primer mundo pero a los del poder se les sube el poder se dejan ganar y les gana el hambre de más poder,seguridad,1,1,1,1.0,4,1
el plan kukulkán llegó para quedarse o solo será temporal mientras está el mundial,seguridad,3,3,3,2.0,3,3
solo pensar en méxico da miedo,seguridad,1,1,1,1.0,4,1
q sean encontrados,seguridad,3,3,3,1.0,3,3
muy bonito todo pero es obvio que no se cuenta con el personal y mucho menos con el equipo táctico indispensable para garantizar seguridad,seguridad,2,2,2,1.0,3,2
me encanta el futbol y me llena de mucha alegría que los mexas sabemos que aquí lo importante son nuestros desaparecidos la exigencia de seguridad y una vida digna para todos mis compatriotas,seguridad,2,2,1,4.0,2,2
si de mi dependiera sería únicamente en canadá,seguridad,2,2,1,1.0,2,1
méxico niega la violencia y desapareciones,seguridad,1,1,1,1.0,4,1
yo si los apoyo por qué yo no sé que haría si alguien forma parte de mi vida desapareciera noalmundial me entristece,seguridad,5,5,5,2.0,3,5
que ganas de ser extranjera en mi país,seguridad,3,2,1,1.0,2,1
exacto,seguridad,3,3,3,1.0,3,3
en culiacán hay soldados en cada esquina y no sirve de nada desviven ahí cerquita de ellos siempre llegan y no agarran a nadie,seguridad,2,1,1,1.0,3,1
ese es el verdadero mexico,seguridad,3,3,3,1.0,3,3
es correcto y peña nieto no hubiera aceptado el mundial que desde un inicio de ser aceptado se empiezan con gastos pequeños propaganda y otros gastos pequeños si desde los 43 normalistas que son 43 jóvenes que no dio explicaciones de donde quedaron así como muchos que han desaparecido años antes ningún presidente a puesto una jurisdicción especializada solo para personas desaparecidas que desde 1980 a estado pasando esto,seguridad,2,2,1,1.0,2,1
cuanto dura el mundial para saber cuánto tiempo podré vivir sin tanto miedo a no volver a casa,seguridad,3,2,1,1.0,2,1
por qué no hicieron esto cuando carlos manzo pidió ayuda,seguridad,2,2,2,1.0,3,2
no mms es un chiste el gobierno mexicano me da risa,seguridad,2,1,1,1.0,3,1
si si aún que estamos ya entrando a la fiebre mundialista no hay que olvidar la realidad de nuestro país que tenemos cientos de desaparecido y no hay que ser indiferentes porque no sabes cuando alguien puede estar en esos zapatos de papas buscando a sus hijos,seguridad,2,2,1,1.0,2,1
osea tiene equipamiento y no lo usan en contra del narcotráfico,seguridad,2,2,1,1.0,2,1
por los gobiernos no les interesa alas personas,seguridad,1,2,1,1.0,3,1
pero les apuesto que muchos vieron la final verán su mundial así quie hoy no joven gracias,seguridad,3,3,3,1.0,3,3
solo por el mundial jajajaa y el resto del año nada me entristece,seguridad,2,2,1,1.0,2,1
excelente,seguridad,5,5,5,5.0,4,5
que miedos ir a méxico ya no iré al mundial,seguridad,1,1,1,1.0,4,1
no queremos mundial,seguridad,1,1,1,1.0,4,1
y porque no aplican eso a diario me da risa,seguridad,2,2,1,1.0,2,1
solo lo van a hacer por el mundial y turistas porque no hacen esto todos los días,seguridad,2,2,2,1.0,3,2
y no podría ser todos los días para protegernos no sé se me ocurre,seguridad,2,3,3,1.0,2,3
cancelen el mundial,seguridad,1,1,1,1.0,4,1
y como van a vigilar el metro recuerdan todos los piquetes que hubo meses antes,seguridad,2,2,2,1.0,3,2
cuál mundial si son como 10 pedorros partidos,seguridad,2,2,1,1.0,2,1
deberían apoyar más a las marchas y no ir al mundial o comprar boletos,seguridad,2,2,2,1.0,3,2
si no ubiera mundial no hacen eso,seguridad,3,2,2,1.0,2,2
listo para la inaguración junto a mi familia me gusta mucho,seguridad,5,5,5,5.0,4,5
de seguro los otros países están muy protegidos no tiene problemas,seguridad,3,2,3,1.0,2,3
todos dicen lo que pasó en méx pero eu está en una guerra jajajaj la vida diplomática es un chiste,seguridad,3,3,3,2.0,3,3
solo por el mundial ya después vuelve lo normal inseguridad robo y lo mismo de siempre me da risa mucho,seguridad,2,1,1,1.0,3,1
soy de españa y se me encoje el corazon con vosotros no visito mexico por estas cosas no me trae seguridad pero mira que si e un sitio muy prometedor ojala os ayude alguien aunque sea trump ya que claudia me entristece,seguridad,2,1,1,2.0,2,1
y por que asta orita salen aser eso,seguridad,2,3,2,1.0,2,2
tanta seguridad para extranjeros y para los mexicanos nada,seguridad,1,2,1,1.0,3,1
no sé si todas las personas sepan lo que es perder un hijo yo no pero si me llegará a pasar sé que estaría con ellos buscando hasta en las coladeras desiertos etc y no me gustaría pasar ningún nadie pasara por eso talvez no puedo apoyar directamente a toda esta gente buscadora pero no podemos ser indiferentes así como sienten la unión en el mundial diciéndonos hermanos así deberíamos apoyar está ocasión amo el fut pero es primero nuestro país y nuestra gente,seguridad,3,3,2,4.0,2,3
me dolió tanto ver este reportaje,seguridad,1,1,1,1.0,4,1
cómo podemos registrarnos como turistas aunque seamos locales nos urge sentirnos seguros,seguridad,3,2,3,2.0,2,2
ósea que mexico mágico si puede tener seguridad pero no quiere su gobierno,seguridad,2,2,1,1.0,2,1
por qué siguen insistiendo con el mundial,seguridad,2,2,2,1.0,3,2
se imaginan q hicieran esas grandes estrategias en michoacan sinaloa bueno en todo mexico o sin necesidad de la inauguración del mundial la verdad mexico sería otra historia,seguridad,2,2,2,1.0,3,2
méxico narco,seguridad,1,1,1,1.0,4,1
y por qué no hacen eso siempre y no solo para el mundial en lugar de gastar nuestros impuestos en croquetas del bienestar,seguridad,2,2,1,1.0,2,1
todo para aparentar que este es un país seguro,seguridad,2,2,1,1.0,2,1
pero nadie va a decir no al dinero que va a llegar al pais,seguridad,4,4,4,2.0,3,4
que tal si mandan hacer camisetas del mundial con la foto del desaparecido y al reverso méxico no busca acuden al estadio tanto dentro como fuera haciendo haci una protesta,seguridad,2,5,1,1.0,2,1
una manifestación en todo el país el día del mundial,seguridad,2,1,3,1.0,2,1
ejemplo de fortaleza todas esas familias,seguridad,5,5,3,5.0,3,5
katt difusión difusión difusión difusión difusión difusión difusión difusión difusión difusión difusión difusión difusión difusión difusión difusión difusión difusión difusión difusión difusión difusión difusión difusión difusión difusión difusión difusión difusión difusión difusión difusión difusión difusión difusión difusión difusión difusión difusión difusión difusión difusión difusión difusión difusión difusión difusión difusión difusión difusión difusión difusión difusión difusión difusión difusión difusión difusión difusión difusión difusión difusión difusión difusión difusión difusión difusión difusión difusión difusión difusión difusión difusión difusión difusión difusión difusión difusión difusión difusión difusión difusión difusión difusión difusión difusión difusión difusión difusión difusión difusión difusión difusión difusión difusión difusión difusión difusión difusión difusión difusión difusión difusión difusión difusión difusión difusión difusión difusión difusión difusión difusión difusión difusión difusión difusión difusión difusión difusión difusión difusión difusión difusión difusión difusión difusión difusión difusión difusión difusión difusión difusión difusión difusión difusión difusión difusión difusión difusión difusión difusión difusión difusión difusión difusión difusión difusión difusiónj difusión difusión,seguridad,3,3,3,3.0,4,3
somos la voz de nuestros desaparecidos,seguridad,2,3,1,1.0,2,1
mientras la presidente recibe artistas y hace conciertos defiende a los políticos señalados por usa defiende a los hijos del ex presidente amlo a las madres y padres buscadores no los reciben y no atienden el problema me enoja mucho,seguridad,1,1,1,1.0,4,1
que todos esos desaparecidos sean encontrados me gusta,seguridad,3,5,3,2.0,2,3
ahí dios deberás hay que ser empaticos me entristece,seguridad,3,2,2,1.0,2,2
a quien le gustaría a un mundial al cuál no podrá ir un hijo un hermano o me gusta,seguridad,3,2,2,2.0,3,2
el futbol es de lo mejor desde siempre la fifa la peor basura al menos estos tiempos,seguridad,1,2,3,1.0,2,1
no dejen de luchar queremos regresos no mundiales,seguridad,2,2,1,1.0,2,1
ni loko iria a méxico,seguridad,2,1,1,1.0,3,1
justicia dios los ayude justicia justicia,seguridad,2,3,1,1.0,2,1
yo soy madre y se me duele ver a los familiares de chicos desaparecidos ésa angustia y dolor permanente las mamás que ya buscan a sus hijos en las fosas clandestinas con la esperanza de encontrar a sus hijos nadie conoce ése sufrimiento más que la madre o familiares lo están viviendo,seguridad,2,1,1,1.0,3,1
aaa pero los q vivimos pagamos impuestos y sus salarios,seguridad,2,2,1,1.0,2,1
me da risa ifusión difusión difusión difusión difusión difusión difusión difusión difusión difusión difusión difusión difusión difusión difusión difusión difusión difusión difusión difusión difusión difusión difusión difusión difusión difusión difusión difusión difusión difusión difusión difusión difusión difusión difusión difusión difusión difusión difusión difusión difusión difusión difusión difusión difusión difusión difusión difusión difusión difusión difusión difusión difusión difusión difusión difusión difusión difusión difusión difusión difusión difusión difusión difusión difusión difusión difusión difusión difusión difusión difusión difusión difusión difusión difusión difusión difusión difusión difusión difusión difusión difusión difusión difusión difusión difusión difusión difusión difusión difusión difusión difusión difusión difusión difusión difusión difusión difusión difusión difusión difusión difusión difusión difusión difusión difusión difusión difusión difusión difusión difusión difusión difusión difusión difusión difusión difusión difusión difusión difusión difusión difusión difusión difusión difusión difusión difusión difusión difusión difusión difusión difusión difusión difusión difusión difusión difusión difusión difusión difusión difusión difusión difusión difusión difusión difusión difusión difusiónj difusión difusión,seguridad,1,1,3,1.0,3,1
quien en su sano juicio iría a méxico solo por el mundial,seguridad,2,2,1,1.0,2,1
lo gestionó la administración de calderón o peña,seguridad,2,3,3,1.0,2,3
me da risa entonces gastarán más que lo que ingresara,seguridad,2,2,1,1.0,2,1
señores entiendan el narcotrafico esta en el congreso por eso no lo hacen,seguridad,2,2,1,1.0,2,1
kukul que,seguridad,3,3,3,2.0,3,3
messi y cristina llegando a méxico,seguridad,3,3,3,2.0,3,3
in dia de mundial por años de desaparesidos mamas con el dolor de no saber de sus hijos mi mexico duele,seguridad,2,1,1,1.0,3,1
voten bien la próxima,seguridad,2,3,1,1.0,2,1
con lo que gastan de impresiones todos los días junten para tener suficientes para tapizar el mero día del mundial,seguridad,2,1,1,1.0,3,1
las madres buscadoras requieren todo el apoyo,seguridad,3,5,1,1.0,2,1
ni uno más porque si nos falta uno nos faltan todos,seguridad,2,2,3,1.0,2,2
méxico no quiere mundial méxico quiere seguridad,seguridad,1,2,1,1.0,3,1
están en contra del olvido de nuestros desaparecidos recuerda que el gobierno es el culpable de que el sistema este corrompido,seguridad,1,1,1,1.0,4,1
me da risa ni regalado voy para méxico quiero ver el mundial no andar esquivando balas me da risa mucho,seguridad,2,1,1,1.0,3,1
una manifestación mega grande el día del mundial que el mundo se entere en carne propia lo que se vive día a día en méxico,seguridad,2,1,1,1.0,3,1
not0da la culpa la tiene el gobierno también es la educación dela casa la libertad ke les dan alos hijos casi no pasa eso hoy en día,seguridad,3,3,3,1.0,3,3
mientras tanto,seguridad,3,3,3,3.0,4,3
estan queriendo desir que si se puede garantisar seguridad pero solo cuando le conviene al gobierno,seguridad,2,2,1,1.0,2,1
interactuando,seguridad,3,3,3,3.0,4,3
que se cancelé el mundial no lo queremos,seguridad,5,2,1,1.0,2,1
jajajja vaya manera de decir si podemos hacer las cosas bien y mejorar el país pero no queremos,seguridad,2,1,1,1.0,3,1
cuanto dolor dios mio cuanto sufrimiento,seguridad,1,1,1,1.0,4,1
ya ven que el estado si tiene con que cuando se lo mandan,seguridad,2,2,5,1.0,2,2
no queremos mundial queremos seguridad,seguridad,1,1,1,1.0,4,1
pero si en méxico te asalta hasta la policía,seguridad,2,1,1,1.0,3,1
el plan yo calmo a mis criminales no pasa nada solo doy la orden,seguridad,1,1,1,1.0,4,1
que cosas,seguridad,3,3,3,3.0,4,3
no sería más fácil hacer los juegos en otro pais,seguridad,2,2,2,1.0,3,2
no queremos mundial queremos seguridad en todo méxico medicinas en los hospitales ya vasta que estén derrochando el poco dinero que hay me enoja muchisimo,seguridad,1,1,1,1.0,4,1
creo que está quedando claro que los mexicanos no queremos mundial queremos vivir seguros,seguridad,1,1,1,1.0,4,1
así deberían de asegurar la seguridad de los ciudadanos para siempre no nada más cuando hay mundial,seguridad,2,2,2,1.0,3,2
no enserio que pena,seguridad,2,2,1,1.0,2,1
dios los bendiga,seguridad,5,3,5,5.0,3,5
mucha gente invierte en el mundial de que es difícil pero entonces debieron interponer todas las medidas para que no se celebrara en méxico suena crudo,seguridad,2,2,2,2.0,4,2
al chile méxico no merece nada,seguridad,1,1,1,1.0,4,1
mexicanos hay que tumbar el mundial,seguridad,1,1,1,1.0,4,1
con todo lo qué pasa en el país de verdad necesitamos un mundial yo no lo creo,seguridad,2,2,1,1.0,2,1
no nos cuidan a los mexicanos van a andar cuidando extrangeros,seguridad,2,2,1,1.0,2,1
de hecho el futbol es un ente muy aparte a la politica los gobiernos no pagsn a los jugadores etc,seguridad,3,3,3,3.0,4,3
ojalá así nos protegieran a nosotros los mexicanos,seguridad,2,2,2,1.0,3,2
yo no entiendo como no son empaticos ósea soy madre y perder un hijo no tiene nombre y se que no puedo dimensionar lo que sienten pero si puedo hacer algo y si el gobierno tiene recursos es incongruente que para unas cosas si puede gastar y otras no,seguridad,2,2,2,1.0,3,2
y ya que se acabe el mundial volvemos a los asesinatos y desapariciones,seguridad,1,1,1,1.0,4,1
buenos para proteger a extranjeros y no para proteger a su gente,seguridad,2,2,1,1.0,2,1
no queremos mundial queremos seguridad,seguridad,1,1,1,1.0,4,1
deberían de acudir al cuadro del centro histórico justo donde están pintando y remodelando y alli pedirle permiso a cada locatario para poner una pequeña lona en el exterior,seguridad,3,3,3,1.0,3,3
cuando tendremos un buen gobierno cada vez lo veo más imposible me entristece,seguridad,1,1,1,1.0,4,1
y parece que nadie conoce a los secuestradores solo es cuestión de investigación sería,seguridad,2,3,2,1.0,2,2
me estás diciendo que mexico si puede implementar medidas de seguridad pero no para los mexicanos,seguridad,2,2,1,1.0,2,1
ven que si tienen con que detener el narco pero no lo hacen,seguridad,1,2,1,1.0,3,1
es de terror lo que vivimos en méxico,seguridad,1,1,1,1.0,4,1
debe ser una pesadilla vivir en mexico y un holocausto caminar en ella,seguridad,1,1,1,1.0,4,1
claudia se convirtió en calderón,seguridad,2,3,1,1.0,2,1
que triste la verdad y mas triste a un que le valga un cacahuate a la presidenta,seguridad,2,1,1,1.0,3,1
esa seguridad debe de ser permanente acaso vale mas la vida de extranjeros que los mexicanos,seguridad,2,2,1,1.0,2,1
justiciaaaaaaaaa,seguridad,1,3,1,1.0,3,1
ojalá en verdad cancelen el mundial,seguridad,1,1,1,1.0,4,1
bien hecho yo soy aficionado al fútbol pero antes que eso soy papá de tres y no quisiera pensar que algo les pasara sigan adelante apoyo total,seguridad,4,5,5,5.0,3,5
no queremos mundial queremos que busquen a nuestros desaparecidos,seguridad,1,1,1,1.0,4,1
a méxico le iban a quitar ser sede y a eeuu porque no si se metió en un lío con irán y a él no,seguridad,3,2,3,1.0,2,3
saben qué da mucha vergüenza que hay personas que prefieren que su equipo gane a que encuentren a los desaparecidos,seguridad,2,2,1,1.0,2,1
ahora resulta que si se puede cuidar las ciudades,seguridad,2,2,2,1.0,3,2
lo bueno es que méxico está en paz si no para que meter tanta seguridad,seguridad,4,2,4,2.0,2,2
y los mexicanos desapareciendo cada día,seguridad,2,1,1,1.0,3,1
que dejen ese plan para el resto del sexenio qué les cuesta,seguridad,2,2,2,1.0,3,2
ojalá suspendan ese mundial,seguridad,1,1,1,1.0,4,1
está es la propaganda que la fifa necesita para revivir el mundial,seguridad,2,4,3,1.0,1,1
me encanta el mundial será un evento que disfrutaré mucho tienen mucha razón ojalá el país fuera diferente,seguridad,2,2,4,4.0,2,2
porque será que nos les creo si la policía es más corrupta que el gobierno,seguridad,2,1,1,1.0,3,1
el gobierno haciendo esto en mundial pero no lo hace a diario por que por que el gobierno esta al mando del narco,seguridad,1,1,1,1.0,4,1
proteger turistas x la derrama económica por unos dias y todos los ciudadanos que pagamos impuestos hasta x respirar no lo merecemos total burla para los mexicanos por mi que se cancele,seguridad,1,1,1,1.0,4,1
muy cierto,seguridad,2,3,5,3.0,2,3
que triste pero es la realidad que vivimos,seguridad,2,2,1,1.0,2,1
dios les de mucha más fuerza amor y valor para seguir algo que todo el gobierno carece vamos mexicanos apoyemos a la gente que si lo merece y no a un partido político que no merece que ninguna persona lo defienda,seguridad,3,1,1,1.0,3,1
no hay nada que celebrar que el mundo entero conozca lo que se vive aquí en méxico día con día el miedo a salir y no regresar,seguridad,1,1,1,1.0,4,1
para defender a los extranjeros y a los mexicanos cuando me da risa,seguridad,2,2,1,1.0,2,1
méxico mundial,seguridad,5,3,3,4.0,2,3
y están gastando en campañas,seguridad,2,2,1,1.0,2,1
y porque no hacen eso para sus ciudadanos,seguridad,2,2,1,1.0,2,1
que dolor caray,seguridad,2,3,1,1.0,2,1
i porque no asen eso por su propia jente,seguridad,2,2,2,1.0,3,2
jordy q el mundial no trae ningún beneficio al país anfitrión solo hay que investigar el desastre que ocurrió en cada país anfitrión del mundial,seguridad,2,2,1,1.0,2,1
como entonces si tienen la capacidad para desplazar un gran plan de seguridad para cuidar a los que son parte del mundial pero en diferentes estados no pueden erradicar la delincuencia que raro,seguridad,2,2,1,1.0,2,1
que no se haga en mexico,seguridad,1,1,1,1.0,4,1
we que se cancele,seguridad,2,1,1,,2,1
nuestros desaparecidos muchos jugaban futbol,seguridad,1,2,1,1.0,3,1
son heroes que dios este con ellos y encuentren a sus seres amados,seguridad,5,5,3,1.0,2,5
por que no usan esa tecnología y elementos contra el crimen organizado que verguenza que el futbol tenga más importancia que la seguridad nacional,seguridad,1,1,1,1.0,4,1
y porque no protegen de esa misma forma a los mexicanos este gobierno es lo peor me enoja mucho,seguridad,1,1,1,1.0,4,1
para los turistas si hay seguridad y para nosotros los ciudadanos que,seguridad,2,2,2,2.0,4,2
totalmente de acuerdo por favor que nuestro próximo voto sea muy bien pensado,seguridad,2,5,1,1.0,2,1
o sea lo único que dan a entender es que méxico si tiene capacidad y de sobra en materia de seguridad pero solo para el mundial que interesante,seguridad,2,2,1,1.0,2,1
el detalle es que ls visitantes saben como los narcos están en la policia así que no es muy seguro,seguridad,2,2,1,1.0,2,1
por mucho que ame el fútbol la seguridad de las personas es importante el mundial no es importante cuando hay una crisis así en el país difundan el vídeo para que llegue a mas personas,seguridad,2,2,1,1.0,2,1
nada les embona que si hay seguridad que si es demasiada seguridad,seguridad,2,2,2,1.0,3,2
méxico está en guerra no tienen que hacer partidos ahí,seguridad,2,1,1,1.0,3,1
esto del mundial terminará muy mal,seguridad,2,2,1,1.0,2,1
dios bendiga a todas las personas que siguen buscando a sus hijos e hijas de todo corazón esperamos que puedan encontrar a sus jóvenes millones estamos con ustedes si podemos apoyar con algo cuentan con nosotros,seguridad,3,5,3,5.0,2,3
ojalá cancelen la sede,seguridad,2,1,1,1.0,3,1
allá no voy a ir nunca,seguridad,2,2,1,1.0,2,1
los mexicanos también tenemos miedo de salir en méxico,seguridad,2,2,1,1.0,2,1
era fuerza aerea o pobreza aerea,seguridad,2,3,1,1.0,2,1
le recomiendo no ir por su bien el narc se va a cobrar vid me entristece mucho,seguridad,1,1,1,1.0,4,1
el gobierno viendo como están llenas las calles de desaparecidos,seguridad,1,1,1,1.0,4,1
osea que si se puede hacer el gobierno y sus mentiras nada nuevo,seguridad,2,1,1,1.0,3,1
no sé preocupen el mundial será mayormente en eeuu,seguridad,3,3,3,3.0,4,3
cuidan a todos menos a los mexicanos me da risa vaya cosa,seguridad,2,1,1,1.0,3,1
será el plan kukusklan me da risa muchisimo,seguridad,2,1,1,1.0,3,1
justicia y apoyo para todas las familias que tienen un familiar desaparecido me entristece,seguridad,2,1,1,1.0,3,1
kukulkán me da risa,seguridad,2,3,1,1.0,2,1
si el gobierno mexicano le diera importancia a las personas que dia a día desaparecen como al mundial nadie se quejaria pero lastimosamente no hacen nada,seguridad,1,1,1,1.0,4,1
bloqueen todos los partidos ya basta de esta injusticia me enoja,seguridad,2,1,1,1.0,3,1
debería haber seguridad siempre,seguridad,2,2,2,1.0,3,2
hay más personas desaparecidas que los habitantes de una ciudad del interior de panamá me entristece,seguridad,2,1,1,1.0,3,1
con esto demuestran que siempre han podido protegernos pero han decidido no hacerlo bendita 4t,seguridad,2,5,1,1.0,2,1
prefiero sentirme segura en mi país que un mundial o cualquier otra cosa 100,seguridad,1,2,1,1.0,3,1
si hay miedo en sus habitantes imagínate en habitantes de otros países,seguridad,2,2,1,1.0,2,1
y si el gobierno tiene esa capacidad de protección y defensa porque no aplica de manera permanente,seguridad,2,2,2,1.0,3,2
sólo para el mundial hee ya pasando regresa la realidad del país,seguridad,2,2,1,1.0,2,1
tengan en cuenta que cubrirán un lado pero otros quedarán desprotegidos y ahí se harán los madres por qué todo esto que dicen solo es en las sedes,seguridad,2,2,2,1.0,3,2
en lugar del mundial ayuden a esas familias,seguridad,2,2,2,1.0,3,2
para eso si hay ejército marina gn pero aquí en sinaloa qué siga la violencia me gusta,seguridad,1,2,1,1.0,3,1
ay que me gusta saber que si hay seguridad,seguridad,5,4,5,5.0,3,5
tony osea están reconociendo que si pueden dar seguridad a méxico pero han escogido en no hacerlo todo este tiempo este régimen es una burla,seguridad,2,1,1,1.0,3,1
no queremos mundial queremos de regreso a nuestros desaparecid s,seguridad,1,1,1,1.0,4,1
cuándo sale el plan de seguridad que protege a los mexicanos,seguridad,2,2,3,1.0,2,2
el gobierno,seguridad,3,3,3,3.0,4,3
yo amo el futbol pero que muy bueno el gobierno solo actua por los extranjeros cuando hay lugares que del diario sufren de violencia miedo y aveces no hay manera de sobrevivir,seguridad,2,1,1,1.0,3,1
ojalá y se cancele que no vengan los equipos de fútbol a méxico,seguridad,1,1,1,1.0,4,1
huelgas en los estadios sedes de mundial,seguridad,2,2,1,1.0,2,1
y si cooperamos para que impriman más,seguridad,3,3,3,2.0,3,3
así hubieran protegido al presidente municipal de uruapan el señor carlos manzo,seguridad,2,2,3,1.0,2,2
este gobierno es una real verguenza me da risa mucho,seguridad,2,1,1,1.0,3,1
y después de que se acabe el mundial a la normalidad de nuevo este operativo debería ser 24 7 los 365 y aplicarlo como nuevo decreto presidencial,seguridad,3,4,2,2.0,2,2
pues el mundial es cada 4 años desapareciones todos los días me da risa me da risa,seguridad,2,1,1,1.0,3,1
porque la fifa no le hace lo mismo a eeuu así como le hizo contra rusia cuando empezaron la guerra,seguridad,2,2,3,1.0,2,2
entonces si pueden proteger al país pero solo cuando les conviene,seguridad,2,2,2,1.0,3,2
ya que tengamos gente hacen el mundial,seguridad,3,3,3,2.0,3,3
y por que no usan esa fuerza para contrarrestar a quienes atentan contra los propios mexicanos,seguridad,2,2,1,1.0,2,1
ósea que si se puede realizar un plan de protección a los ciudadanos,seguridad,3,3,3,2.0,3,3
excelente,seguridad,5,5,5,5.0,4,5
vergüenza de gobierno tenemos,seguridad,1,1,1,1.0,4,1
los gobiernos quieren silenciar la molestia de la gente en tantos sectores que ya no saben que hacer y piensan que es puro boot,seguridad,2,2,1,1.0,2,1
oyeron bien tiene como objetivo proteger a los turistas,seguridad,4,4,4,4.0,4,4
qué dolor me entristece mucho,seguridad,1,2,1,1.0,3,1
y si boycoteamos el fútbol,seguridad,2,2,1,1.0,2,1
kukulkan me suena conocido,seguridad,3,3,3,3.0,4,3
es una realidad que en méxico se vive un tema de inseguridad muy severo pero mayormente estos movimientos no digo que todo esté financiado por partidos políticos,seguridad,3,3,2,2.0,2,2
no cuidan a los mexicanos que les espera a los turistas tstsss,seguridad,2,2,1,1.0,2,1
ojalá el mundial durara por siempre,seguridad,5,5,5,5.0,4,5
ojala encuentren a sus familiares,seguridad,3,3,3,2.0,3,3
muy muy bueno su plan para cuidar a extranjeros cuál es el plan para cuidar mexicanos,seguridad,2,2,2,1.0,3,2
entonces me están diciendo que si podemos tener un país seguro simplemente no nos daba la gana,seguridad,2,2,1,1.0,2,1
que triste que les importen más los turistas que su propia gente,seguridad,2,2,1,1.0,2,1
bien dicho,seguridad,1,5,5,,2,5
nada que ver cada quien tiene su historia y lo que hoy desprecian tal vez es el salvavidas para otra persona que también está sufriendo,seguridad,3,3,3,3.0,4,3
amén muchas bendiciones y mi apoyo con ustedes justicia,seguridad,5,5,5,5.0,4,5
asi deberia de ser todo el año en vez de solo por el mundial dirán que eso requerira mucho dinero pero por eso se pagan impuestos y por eso le subio los impuestos a ciertas cosas,seguridad,3,4,2,2.0,2,2
y a usa no le van a decir nada,seguridad,3,3,3,1.0,3,3
que fuerte bendiciones de todo corazón,seguridad,5,5,5,5.0,4,5
apoyo total y visibilidad a esta problemática,seguridad,5,5,5,5.0,4,5
una vez acabé el mundial el super plan se va,seguridad,3,2,2,1.0,2,2
y la seguridad de los cuidados mexicanos,seguridad,2,3,3,1.0,2,3
me entristece,seguridad,2,2,1,1.0,2,1
no al mundial,seguridad,1,1,1,1.0,4,1
así es fuera el mundial,seguridad,2,3,3,2.0,2,2
una vergüenza que el estado solo invierta en seguridad cuando necesitan aparentar pero a su propia gente deja que la desaparezcan y la maten como si nada,seguridad,1,1,1,1.0,4,1
si se hacen manifestaciones el día de los partidos yo creo que muchos jaliscienses los apoyamos,seguridad,4,4,4,2.0,3,4
botón para que cancelen el mundial méxico no lo merece,seguridad,1,1,1,1.0,4,1
todo el país debe manifestarse,seguridad,2,2,1,1.0,2,1
todo eso nos costará mucho dinero,seguridad,2,2,2,2.0,4,2
y plan para proteger a los turistas pero no a los mexicanos me da risa mucho,seguridad,2,1,1,1.0,3,1
que triste es verdad da prioridad al mundial y lo que me imagino es que después del mundial preparan nueva pandemia,seguridad,2,2,1,1.0,2,1
puedes tener el mejor plan pero si los elementos son c0rrup70s va estar denso,seguridad,2,1,2,2.0,3,2
esté dispositivo de seguridad debería ser siempre,seguridad,3,4,3,2.0,2,3
va a ser el peor mundial q se realice,seguridad,1,1,1,1.0,4,1
que le hacen a la mamada esto no es ni mundial,seguridad,1,1,1,1.0,4,1
great podré viajar a méxico,seguridad,5,4,5,4.0,2,4
oigan pero es sus fotos muy santitos no se ven,seguridad,2,3,3,1.0,2,3
ojala nadie vaya es muy peligroso,seguridad,1,1,1,1.0,4,1
nomas por un mundial suena como perú con los árboles me da risa me entristece,seguridad,2,2,1,1.0,2,1
en el estadio gritar fuera claudia,seguridad,2,3,1,2.0,2,2
duermete,seguridad,1,3,3,1.0,2,1
total apoyo me gusta,seguridad,5,5,5,5.0,4,5
esperemos que si se cancele el mundial,seguridad,2,1,1,1.0,3,1
gente y quien protejera a los mexicanos del narcomorena piencen los extranjeros estaran protegidos los mexicanos y mexicanas no,seguridad,2,1,1,1.0,3,1
y porque no dejan ese plan permanente para combatir a los narcos,seguridad,2,2,3,1.0,2,2
ahora si despliegan seguridad por partidos de fútbol cuando esté plan debió y debe estar siempre activo para nosotros los mexicanos,seguridad,2,2,2,2.0,4,2
menos ganas me dieron de ir a méxico la neta,seguridad,2,1,1,1.0,3,1
eso deberían de hacer todo el año y en todo méxico no nomas en esos eventos,seguridad,2,2,2,1.0,3,2
ojalá algún día logren encontrar a sus familiares pero con todo respeto empezó mal tu vídeo pues todos tenemos derecho de vivir y divertirnos y la vida sigue no xq algunos la estemos pasando mal el país se tiene q paralizar dios los ayude y su familiar regrese me gusta,seguridad,3,3,3,3.0,4,3
no hay peor ciego que el que no quiere ver si pueden dar seguridad pero no quieren me enoja,seguridad,2,1,1,1.0,3,1
sea como sea esos narcos van a acabar con los turista y dañará el mundia en esa parte acuérdense de mi,seguridad,2,1,1,1.0,3,1
hagan un go found me o algo para aportar a sus impresiones,seguridad,3,3,1,1.0,2,1
pero si peña nieto fue el que trajo el mundial a méxico,seguridad,3,3,3,2.0,3,3
todos tienen fintas licenciados,seguridad,3,1,1,1.0,3,1
no vaya a ser que desaparecen 20 alumnos de 19 años porque ahi si ni voltean a ver,seguridad,2,1,1,1.0,3,1
y porque no hacen eso siempre,seguridad,2,2,3,1.0,2,2
no al mundial,seguridad,1,1,1,1.0,4,1
claudia chimbaun viendo el video,seguridad,3,3,3,2.0,3,3
que tristeza que tengan que arreglar la violencia por el mundial y no por el bien de los mexicanos,seguridad,2,2,1,1.0,2,1
beatrice manguito me da risa ifusión difusión difusión difusión difusión difusión difusión difusión difusión difusión difusión difusión difusión difusión difusión difusión difusión difusión difusión difusión difusión difusión difusión difusión difusión difusión difusión difusión difusión difusión difusión difusión difusión difusión difusión difusión difusión difusión difusión difusión difusión difusión difusión difusión difusión difusión difusión difusión difusión difusión difusión difusión difusión difusión difusión difusión difusión difusión difusión difusión difusión difusión difusión difusión difusión difusión difusión difusión difusión difusión difusión difusión difusión difusión difusión difusión difusión difusión difusión difusión difusión difusión difusión difusión difusión difusión difusión difusión difusión difusión difusión difusión difusión difusión difusión difusión difusión difusión difusión difusión difusión difusión difusión difusión difusión difusión difusión difusión difusión difusión difusión difusión difusión difusión difusión difusión difusión difusión difusión difusión difusión difusión difusión difusión difusión difusión difusión difusión difusión difusión difusión difusión difusión difusión difusión difusión difusión difusión difusión difusión difusión difusión difusión difusión difusión difusión difusión difusiónj difusión difusión,seguridad,1,3,3,1.0,2,1
que bueno por lo que estan haciendo muestren la realidad que vivimos dios los ayude tanto en lo económico como lo espiritual porque es horrible no saber donde esta tu hijo e o hija me da risa me gusta mucho,seguridad,2,2,1,1.0,2,1
no queremos mundial queremos seguridad,seguridad,1,1,1,1.0,4,1
digan no al mundial en méxico no es seguro,seguridad,1,1,1,1.0,4,1
heeeey turistas no crean todo esto ni aviones tenemos me da risa mucho,seguridad,3,1,1,1.0,3,1
y por qué no han querido hacer eso desde el sexenio pasado en todo el país para proteger a todos los mexicanos una vez más demuestran que no les importamos harán todo esto porque les urge tener al mundial,seguridad,2,1,1,1.0,3,1
interactuando por empatía espero logren algún día encontrar paz,seguridad,3,3,3,3.0,4,3
consejo de un mexicano si tienes la oportunidad de venir al mundial por favor desaprovecha lo no es nada seguro,seguridad,2,1,1,1.0,3,1
eso no tiene nada que ver con el mundial,seguridad,3,3,3,3.0,4,3
que vergüenza mi méxico,seguridad,1,1,1,1.0,4,1
ósea que a nuestro gobierno le importan más los gringos y la gente extranjera que su propia gente nacida en méxico chaleee,seguridad,2,2,1,1.0,2,1
que horror me duele mis hermanos hispanos como los políticos los abandonan por un sueldo y vivir como millonarios,seguridad,1,1,1,1.0,4,1
fifa debería de sacar a méxico del mundial,seguridad,1,1,1,1.0,4,1
me gusta mucho el fut pero dada las circunstancias ni me emociona nada el mundial prefiero otro méxico que un mundial,seguridad,2,2,1,2.0,3,2
justicia para todos los desaparecidos es muy grave lo que están viviendo,seguridad,1,2,1,1.0,3,1
interactuando me entristece,seguridad,2,2,2,1.0,3,2
y sin el mundial no lo van a hacer o qué,seguridad,3,2,2,1.0,2,2
ojo turistas tienen 15 días antes del mundial para entrar y 15 días después del mundial para salir después el gobierno no es responsable de lo que les pase,seguridad,3,3,3,1.0,3,3
igual que en todos los países que pena,seguridad,2,3,3,3.0,3,3
osea si hay tecnología y dinero para cuidar a extranjeros pero para proteger en méxico a los mexicanos nadota,seguridad,2,1,1,1.0,3,1
presidente pon tu denuncia,seguridad,2,2,1,1.0,2,1
quieren tapar lo que no se puede ocultar todo lo que pasa a diario,seguridad,2,1,1,1.0,3,1
por que no usan ese despliegue para pelear contra los narcos,seguridad,2,2,2,1.0,3,2
por qué tik tok no nos deja hacer repost,seguridad,3,3,3,3.0,4,3
y así claudia dice que no vean tv azteca más bien no quiere que vean sus errores cómo líder,seguridad,2,2,1,1.0,2,1
no me gusta el gobierno gasta millones en un torneo que nisiquiera vamos a ganar me da risa,seguridad,2,1,1,1.0,3,1
es una burla para las y los mexicanos,seguridad,2,1,1,1.0,3,1
ojalá así fuera la seguridad y compromiso siempre no cabe duda que a este gobierno el pueblo le malo,seguridad,2,1,1,1.0,3,1
y estados unidos no se lo van a quitar esta en plena guerra,seguridad,3,3,3,1.0,3,3
nadie deberia comprar esos boletos tan caros no lo valen,seguridad,2,2,2,1.0,3,2
proteger a méxico durante el mundial chale bro está claro que no merecemos ser una sede del mundial,seguridad,1,1,1,1.0,4,1
con el estado sinaloa ya se demostró que méxico es un país fallido,seguridad,1,1,1,1.0,4,1
peña nieto trajo el mundial,seguridad,3,3,3,1.0,3,3
nos traicionó el sistema,seguridad,1,1,1,1.0,4,1
y cuando nos van a proteger a nosotros,seguridad,2,2,2,1.0,3,2
y q podrian hacer decir no al mundial y seguir como siempre,seguridad,2,2,3,1.0,2,2
seguridad gobierno solo seguridad esto está de terror ya no vive uno ya no disfruta uno asus hijos ya solo trae uno temor en que si regresará así balla a la esquina nuestros hijos me entristece muchisimo,seguridad,1,1,1,1.0,4,1
che gobierno hipócrita,seguridad,2,1,1,1.0,3,1
mejor que se use el dinero para buscar a los desaparecidos,seguridad,1,2,1,1.0,3,1
bien por uds padres y madres valientes dios los cuide y proteja,seguridad,5,3,5,5.0,3,5
q selo quiten me da risa,seguridad,2,1,1,1.0,3,1
mexico vs mexico me da risa,seguridad,2,3,1,2.0,2,2
espero encuentren pronto a sus seres queridos,seguridad,3,3,3,1.0,3,3
interactuando,seguridad,3,3,3,3.0,4,3
eso tendria que ser siempre no solo por el mundial,seguridad,2,2,3,2.0,3,2
el turismo también aporta fortalece la economía es obvio que debe ser seguro porque criticamos todo,seguridad,2,3,4,4.0,2,4
se me hizo un nudo en la garganta un abrazo a los familiares desde venezuela me gusta,seguridad,5,5,5,5.0,4,5
solo para el mundial después seguirá la carnicería,seguridad,2,1,2,1.0,2,1
y por que no han aplicado ese plan para proteger a los mexicanos,seguridad,2,2,1,1.0,2,1
lemus preocúpate por el pueblo,seguridad,2,2,1,1.0,2,1
y si mejor nos protegen a nosotros me da risa,seguridad,2,2,1,1.0,2,1
interactuando para que se haga viral,seguridad,3,3,3,3.0,4,3
si se puede cambiar esto es un ejemplo vamos méxico ojalá quedo esa vigilancia permanentemente,seguridad,4,4,5,4.0,3,4
en méxico no existe la delincuencia y menos la desaparición recuerden que es desaparición voluntaria así como dice su presidenta no nos olvidemos de los que nos faltan,seguridad,2,2,1,1.0,2,1
con ese plan se dan cuenta que si tienen todos los recursos para la seguridad pero no lo hacen,seguridad,2,2,1,1.0,2,1
por qué los gobiernos de colombia y mexico se parecen tanto,seguridad,2,3,3,1.0,2,3
combatir el narco nehhh proteger a weyes pateando un balón tráete a x force y hasta batman,seguridad,2,2,1,1.0,2,1
bienvenidos a la realidad que kukulkán ni que uds son los verdaderos titi capy del crimen organizado son una cofradía de mafiosos y corruptos,seguridad,1,1,1,1.0,4,1
proteger a los mexicanos proteger a los turistas,seguridad,3,5,3,4.0,2,3
nada que ver una cosa con la otra,seguridad,3,3,3,3.0,4,3
boicoteen el mundial,seguridad,1,1,1,1.0,4,1
es algo stpido que gasten más en un juego que en algo que importe,seguridad,2,2,1,1.0,2,1
este gobierno es una mierda pura mierda,seguridad,1,1,1,1.0,4,1
manguito me da risa ifusión difusión difusión difusión difusión difusión difusión difusión difusión difusión difusión difusión difusión difusión difusión difusión difusión difusión difusión difusión difusión difusión difusión difusión difusión difusión difusión difusión difusión difusión difusión difusión difusión difusión difusión difusión difusión difusión difusión difusión difusión difusión difusión difusión difusión difusión difusión difusión difusión difusión difusión difusión difusión difusión difusión difusión difusión difusión difusión difusión difusión difusión difusión difusión difusión difusión difusión difusión difusión difusión difusión difusión difusión difusión difusión difusión difusión difusión difusión difusión difusión difusión difusión difusión difusión difusión difusión difusión difusión difusión difusión difusión difusión difusión difusión difusión difusión difusión difusión difusión difusión difusión difusión difusión difusión difusión difusión difusión difusión difusión difusión difusión difusión difusión difusión difusión difusión difusión difusión difusión difusión difusión difusión difusión difusión difusión difusión difusión difusión difusión difusión difusión difusión difusión difusión difusión difusión difusión difusión difusión difusión difusión difusión difusión difusión difusión difusión difusiónj difusión difusión,seguridad,1,1,3,1.0,3,1
a pero a los mexicanos que pagamos sus sueldos con nuestros impuestos que nos sigan desapareciendo y desviviendo fuera este gobierno corrupto,seguridad,1,1,1,1.0,4,1
no soy de méxico pero como que hay más enfoque en el mundial que en su gente,seguridad,2,2,2,2.0,4,2
pongan a kukulkán pero en todo méxico si pueden hacer eso por qué no por los mexicanos me da risa,seguridad,2,1,1,2.0,2,1
la fifa deberían de suspender el mundial en méxico,seguridad,2,1,1,1.0,3,1
too late ya se canceló mi viaje a mx y no pienso volver a pasar por la incertidumbre de si habrá balacera o no,seguridad,2,1,1,1.0,3,1
no queremos mundial queremos que los desaparecidos regresen a casa,seguridad,1,1,1,1.0,4,1
y los 130 millón es pa cuando a ya me acorde nosotros no dejamos millones de,seguridad,2,2,2,1.0,3,2
la verdad para que queremos un mundial si la selección mexicana no va a ganar el mundial,seguridad,2,2,2,1.0,3,2
que se cancele el mundial en mexico detodosmodos nunca ganamos,seguridad,1,1,1,1.0,4,1
no vean tv azteca,seguridad,2,3,3,1.0,2,3
protegenbal turista pero no al pueblo,seguridad,2,1,2,1.0,2,1
pero ellos no tienen la culpa,seguridad,3,3,3,3.0,4,3
ojalá y esos operativos se hicieran contra el narco,seguridad,2,2,2,1.0,3,2
superhipo35 prefiero un méxico sin desaparecidos que un mundial espero que puedan encontrarlos y los familiares tengan paz,seguridad,2,1,1,1.0,3,1
pero protesten,seguridad,2,3,3,1.0,2,3
entonces la seguridad es cuestión de voluntad,seguridad,2,3,3,1.0,2,3
de burla,seguridad,2,3,1,2.0,2,2
si así nos cuidaran a los mexicanos,seguridad,2,2,2,1.0,3,2
mientras tanto en los lugares que no vamos a recibir mundial vamos a estar bien desprotegidos,seguridad,2,2,2,1.0,3,2
me dueles mexico me entristece mucho,seguridad,1,1,1,1.0,4,1
pues chad no,seguridad,3,3,3,1.0,3,3
para la seguridad durante la copa del mundo osea que los demás dias de año les vale vrg,seguridad,2,1,1,1.0,3,1
méxico no merece el mundial de fútbol,seguridad,1,1,1,1.0,4,1
que tristeza que para los desaparecidos no exista el más mínimo interés por parte del gobierno me entristece,seguridad,1,1,1,1.0,4,1
hablando mucho de méxico y un pais vecino esta en guerra,seguridad,2,3,2,1.0,2,2
pobres papás,seguridad,2,3,1,1.0,2,1
que guerreros luchadores dios los bendiga y los proteja encuentren a sus desaparecidos amén,seguridad,3,3,3,1.0,3,3
estamos con ustedes,seguridad,5,5,5,5.0,4,5
mis oraciones para mexico y todos los padres que buscan a sus seres queridos,seguridad,2,3,1,1.0,2,1
creo que como ciudadanos deberíamos demostrar indiferencia ante el mundial no participar en los eventos no gastar en absoluto nada con refente al mundial,seguridad,2,2,1,1.0,2,1
asta los carteles los van a cuidar verdad narco gobierno,seguridad,1,1,1,1.0,4,1
yo no veo gente levantando la voz pero si preocupados por los artistas,seguridad,3,3,3,2.0,3,3
entonces sí tiene el gobierno la capacidad para desplegar un plan estratégico para brindar seguridad a las personas pero sólo lo usarán para el mundial,seguridad,2,2,2,1.0,3,2
esque el gobierno es parte de los desaparecidos,seguridad,1,1,1,1.0,4,1
y porque no lo han hecho en contra del narco y se hubieran perdido vidas de la guardia nacional,seguridad,2,2,2,1.0,3,2
díganle a claudia q es la responsable,seguridad,2,1,1,1.0,3,1
y si hay coches bombas como ya lo han hecho ahí también sabrán que es un coche bomba o como,seguridad,2,1,1,1.0,3,1
el plan kukulcán decirle a sus amigos la maña que no hagan desmadre mientras está el mundial,seguridad,3,2,3,1.0,2,3
súper buena idea este país no es perfecto como lo quiere pintar la presidena,seguridad,2,4,1,4.0,2,4
no puede ni con los que vivimos en méxico menos con millones de turistas me da risa,seguridad,2,2,1,1.0,2,1
jajajjajajjajs,seguridad,3,3,3,2.0,3,3
este wey ya me da risa me da risa muchisimo,seguridad,2,1,1,1.0,3,1
a los gobiernos no les importa ni el fútbol ni los jugadores solo les importa tener una cortina de humo,seguridad,1,2,1,1.0,3,1
ni que regalen pasajes estadias comidas traslados y las entradas voy a méxico,seguridad,5,5,1,1.0,2,1
wow y proteger a méxico siempre se les olvida,seguridad,1,1,1,1.0,4,1
suena muy bonito ojalá así combatieran a la delincuencia organizada,seguridad,2,2,2,2.0,4,2
justo acabo de escuchar un episodio de pepe y chema donde dicen que las fiscalías no tienen dinero para hojas para imprimir o tinta para los archivos que necesitan o al menos esa es la excusa que dan,seguridad,2,1,1,1.0,3,1
que se cancele el mundial,seguridad,1,1,1,1.0,4,1
plan kukulcán cagarla más,seguridad,2,1,1,1.0,3,1
interactuemos,seguridad,3,3,3,3.0,4,3
ósea solo pretegen extranjeros pero a nosotros los mexicanos nooooo,seguridad,2,1,1,1.0,3,1
podría no haber asientos vacíos en el mundial pero sí hay casas familias que tienen una silla de su comedor vacía y un estadio lleno no significa nada a comparación de eso,seguridad,2,2,1,2.0,3,2
méxico ni estados unidos merecen ser sede,seguridad,1,1,1,1.0,4,1
osea van a cuidar el mundial en méxico y no a sus ciudadanos x estar los cuerpos policíacos muy ocupados,seguridad,2,2,1,1.0,2,1
nunca olviden a sus hijos,seguridad,3,3,3,2.0,3,3
entiendo la rabia a todos nos urge esa seguridad a diario pero el plan ese no es un regalo para los turistas es un requisito legal de la fifa si méxico no cumple nos quitan el evento y perdemos la inversión de nuestros impuestos pasó igual en brasil en rusia y en qatar es logística pura no preferencia,seguridad,3,3,3,2.0,3,3
es sabido que los gobiernos gastan mucho dinero para promocionar su imagen y logros desgraciadamente las personas desaparecidas no son negocio que es lo que ahorita quieren tener por el mundial,seguridad,2,2,1,1.0,2,1
la gente que se queja del mundial como si el mundial tuviera la culpa la culpa la tiene el gobierno y aparte casi todo el mundial se jugará en usa y canadá,seguridad,2,2,1,2.0,3,2
deberian cambiar la sede por inseguridad,seguridad,2,2,2,1.0,3,2
claudia dice que méxico súper bien,seguridad,5,5,5,3.0,3,5
cancelen el mundial,seguridad,1,1,1,1.0,4,1
para que no lo quiten el mundial que burla me da risa mucho,seguridad,2,1,1,1.0,3,1
dios los bendiga e ilumine su camino,seguridad,5,5,5,5.0,4,5
en la cara del mexicano se burlan los del gobierno morena,seguridad,1,1,1,1.0,4,1
que peligro ir a méxico este va a ser el peor mundial de todos,seguridad,1,1,1,1.0,4,1
están diciéndo que para extranjeros si hay seguridad pero para los mexicanos nuncaaa,seguridad,1,2,1,1.0,3,1
exacto,seguridad,3,3,3,1.0,3,3
recordar que los desaparecidos también son mexicanos me entristece,seguridad,2,1,1,1.0,3,1
solo la gente entenderá cuando le pase a un familiar tristemente,seguridad,2,2,1,1.0,2,1
haber el gobierno no destina ya dinero para la realización del mundial eso lo hace la federación de fútbol y los empresarios dos existen fiscalias especializadas en ese tema,seguridad,3,3,3,3.0,4,3
y eso porque no lo hicieron con carlos manzo,seguridad,2,2,3,1.0,2,2
esto debe de ser todos los días no solo por el evento,seguridad,2,2,2,1.0,3,2
cancelen el mundial en méxico,seguridad,1,1,1,1.0,4,1
no al mundial me enoja muchisimo,seguridad,1,1,1,1.0,4,1
no pueden proteger a los mexicanos ahora quieren proteger todo un evento con extranjeros el gobierno solo quiere aparentar un bien que no es,seguridad,1,1,1,1.0,4,1
quieren proteger a gente de fuera para un mundial pero a su gente no,seguridad,2,2,1,1.0,2,1
dios mío tantas personas desaparecidas que triste de verdad,seguridad,2,1,1,1.0,3,1
no queremos mundial queremos justicia,seguridad,1,1,1,1.0,4,1
buen maquillaje para el espectáculo mientras tanto que continúen los juegos del hambre,seguridad,2,1,1,1.0,3,1
que cancelen el mundial,seguridad,1,1,1,1.0,4,1
y si hacemos el plan kukulkán permanente y no nada más en el mundial,seguridad,3,2,3,2.0,2,2
soy peruano y ni así pienso ir,seguridad,2,3,1,1.0,2,1
esos mundiales funcionan x tantos corruptos y x las personas aficionadas eso ya no ayuda en nada,seguridad,2,1,1,1.0,3,1
oigan una pregunta en mi tierra también ay desaparecidos pero andan con esa propaganda sirve de algo pregunto,seguridad,3,2,3,2.0,2,2
pq no ponen los letreros tmb en inglés para q los turistas entiendan q hay mucho mas cosas que cosas culturales en méxico,seguridad,2,2,2,2.0,4,2
y por que no dejan el plan kukulkan de manera permanente para todos los ciudadanos mexicanos,seguridad,2,2,3,1.0,2,2
que triste esa seguridad la necesita culiacan guanajuato jalisco y sobretodo las madres buscadores es que méxico esta así porque quiere,seguridad,2,1,1,1.0,3,1
apoyo para los padres y madres que buscan a sus hij s,seguridad,3,5,3,4.0,2,3
no al mundial,seguridad,1,1,1,1.0,4,1
no entendí por que lo sacá si no a se nada los papeles ahí,seguridad,3,3,3,1.0,3,3
la presidenta ya abrió una carpeta de investigación,seguridad,3,3,3,3.0,4,3
ya no miren tv azteca,seguridad,2,2,1,1.0,2,1
necesitamos mundiales las 24 horas de por vida en mexico,seguridad,2,5,5,1.0,2,5
y los padres en casa qué hacemos por educar a nuestros hijos todo se lo queremos dejar a los gobiernos si nosotros no podemos con uno o dos hijos menos el gobierno no va a poder con millones,seguridad,3,2,3,1.0,2,3
donde seles puede donar para los recursos que necesiten,seguridad,3,5,4,1.0,1,1
me estás diciendo que se tiene que hacer todo eso para que se pueda jugar en paz un mundial allí,seguridad,2,3,3,2.0,2,2
manguito me da risa ifusión difusión difusión difusión difusión difusión difusión difusión difusión difusión difusión difusión difusión difusión difusión difusión difusión difusión difusión difusión difusión difusión difusión difusión difusión difusión difusión difusión difusión difusión difusión difusión difusión difusión difusión difusión difusión difusión difusión difusión difusión difusión difusión difusión difusión difusión difusión difusión difusión difusión difusión difusión difusión difusión difusión difusión difusión difusión difusión difusión difusión difusión difusión difusión difusión difusión difusión difusión difusión difusión difusión difusión difusión difusión difusión difusión difusión difusión difusión difusión difusión difusión difusión difusión difusión difusión difusión difusión difusión difusión difusión difusión difusión difusión difusión difusión difusión difusión difusión difusión difusión difusión difusión difusión difusión difusión difusión difusión difusión difusión difusión difusión difusión difusión difusión difusión difusión difusión difusión difusión difusión difusión difusión difusión difusión difusión difusión difusión difusión difusión difusión difusión difusión difusión difusión difusión difusión difusión difusión difusión difusión difusión difusión difusión difusión difusión difusión difusiónj difusión difusión,seguridad,1,1,3,1.0,3,1
me da risa ifusión difusión difusión difusión difusión difusión difusión difusión difusión difusión difusión difusión difusión difusión difusión difusión difusión difusión difusión difusión difusión difusión difusión difusión difusión difusión difusión difusión difusión difusión difusión difusión difusión difusión difusión difusión difusión difusión difusión difusión difusión difusión difusión difusión difusión difusión difusión difusión difusión difusión difusión difusión difusión difusión difusión difusión difusión difusión difusión difusión difusión difusión difusión difusión difusión difusión difusión difusión difusión difusión difusión difusión difusión difusión difusión difusión difusión difusión difusión difusión difusión difusión difusión difusión difusión difusión difusión difusión difusión difusión difusión difusión difusión difusión difusión difusión difusión difusión difusión difusión difusión difusión difusión difusión difusión difusión difusión difusión difusión difusión difusión difusión difusión difusión difusión difusión difusión difusión difusión difusión difusión difusión difusión difusión difusión difusión difusión difusión difusión difusión difusión difusión difusión difusión difusión difusión difusión difusión difusión difusión difusión difusión difusión difusión difusión difusión difusión difusiónj difusión difusión,seguridad,1,1,3,1.0,3,1
realidad tan triste que vivimos,seguridad,2,2,1,1.0,2,1
prefiero un méxico sin desaparecidos que un mundial espero que puedan encontrarlos y los familiares tengan paz,seguridad,2,1,1,1.0,3,1
la presidente ya pactó tregua con su socio el narco,seguridad,1,1,1,1.0,4,1
y porque toda esa fuerza y seguridad no la usan también para limpiar a cada estado y al país del crimen organizado,seguridad,2,2,1,1.0,2,1
no queremos mundial me enoja,seguridad,1,1,1,1.0,4,1
híjole va a pasar lo mismo que tlatelolco eh,seguridad,2,1,2,1.0,2,1
y si exigimos que no sea lo del mundial,seguridad,2,3,2,1.0,2,2
un abrazo a las familias apoyemos para que se hagan virales y los escuchen me entristece mucho,seguridad,3,2,2,4.0,2,2
solo durante la copa ah que fregon me enoja,seguridad,2,2,1,1.0,2,1
dios los cuide y proteja ojalá que pronto encuentren a sus seres queridos,seguridad,3,3,3,1.0,3,3
si no hay paz para la gente que no haya paz para el gobierno,seguridad,2,2,1,1.0,2,1
canada en crisis estados unidos en guerra méxico también en guerra pero interna,seguridad,1,1,1,1.0,4,1
y si lo hacen el plan de seguridad todo el año no llámame loco,seguridad,3,4,3,1.0,2,3
hoy hablamos de fútbol,seguridad,3,3,3,3.0,4,3
nadie entiende este dolor hasta que lo vive en carne propia para los que prefieren el mundial y defienden la propaganda deseo que nunca tengan que pasar por una situación de un familiar conocido o amigo desaparecido porque cuando pasa ya no existe la paz ni para dormir,seguridad,2,1,1,1.0,3,1
no queremos mundial queremos seguridad y paz,seguridad,1,1,1,1.0,4,1
y le pusieron kukulkan me da risa muchisimo,seguridad,2,3,1,1.0,2,1
no queremos mundial me enoja,seguridad,1,1,1,1.0,4,1
por qué no dices el contexto quien negoció y firmó el contrato para el mundial fue el prian,seguridad,3,2,3,2.0,2,2
este mundial está maldito ya verán lo q está x venir,seguridad,2,2,1,1.0,2,1
alv el mundial queremos seguridad,seguridad,2,2,1,1.0,2,1
es verdad,seguridad,3,3,3,2.0,3,3
que ése tipo de seguridad sea para todo el país y permanente,seguridad,2,2,4,1.0,2,2
se lo ban a quitar a méxico por el narco pero no a usa por literal estar en gerra me da risa,seguridad,2,1,1,1.0,3,1
es una maldad que hagan este tipo de cosas con las familias que buscan a sus seres queridos,seguridad,1,1,1,1.0,4,1
ideas caminar el dia del mundial en jalisco,seguridad,3,3,3,3.0,4,3
estan marcando una diferencia y que tristeza que tantas familias sigan llorando por su desaparecido,seguridad,2,2,2,1.0,3,2
y se acaba el mundial y todo vuelve a lo mismo,seguridad,2,2,2,1.0,3,2
fuerza a las familias,seguridad,3,3,3,1.0,3,3
lo que acabo de llorar con este video,seguridad,1,3,3,1.0,2,1
hagamos una marcha el día del mundial,seguridad,2,2,3,1.0,2,2
como dicen solo barres tu casa cuando vienen visitas,seguridad,2,2,1,1.0,2,1
me dolió en el alma al escuchar para cuidar a los extranjeros asi nuestro país se preocupan por su gente me entristece,seguridad,2,2,1,1.0,2,1
te odio te odio con todo mi ser gobierno de méxico,seguridad,1,1,1,1.0,4,1
o sea que si se puede acabar la inseguridad en culiacan pero no quieren,seguridad,2,1,1,1.0,3,1
ojalá no se haga ese mundial,seguridad,2,1,1,1.0,3,1
me da risa alch qpdo porque solo cuando viene gente externa y no lo dejan para proteger a los mismos mexicanos vlv,seguridad,2,2,1,1.0,2,1
se hará el mundial duele todo pero esto ya está también hecho,seguridad,3,3,3,2.0,3,3
no pues ir que no hacen eso no solo durante el mundial,seguridad,2,2,2,2.0,4,2
no queremos mundial queremos seguridad para el pias y nosotros los mexicanos vivamos en paz me enoja mucho,seguridad,1,1,1,1.0,4,1
la verdad es admirable el coraje y determinación de todas estas familias,seguridad,5,5,5,5.0,4,5
yo si estoy en contra del mundial hay temas de seguridad y salud que son mas importantes,seguridad,2,2,1,2.0,3,2
que horrible realidad,seguridad,2,1,1,1.0,3,1
poca vergüenza quien pagamos impuestos munde que me sirve,seguridad,1,2,1,1.0,3,1
deberían de quitarle el mundial a estados unidos loreto,seguridad,2,2,1,1.0,2,1
una manifestación grande el día del mundial,seguridad,3,3,3,1.0,3,3
no es verdaaaad no vayaaaaan,seguridad,2,3,1,1.0,2,1
no queremos el mundial en méxico no queremos el mundial en jalisco,seguridad,2,2,1,1.0,2,1
ah entonces si se puede dar seguridad pero no para nosotros que interesante,seguridad,2,2,1,1.0,2,1
15 días después que nos lleve la porra a todos méxico igual de inseguro,seguridad,2,1,1,1.0,3,1
el mundial no trae ningún beneficio al país anfitrión solo hay que investigar el desastre que ocurrió en cada país anfitrión del mundial,seguridad,1,2,1,1.0,3,1
no hay seguridad para nosotros los mexicanos cómo quieren asegurar a los extranjeros,seguridad,2,2,1,1.0,2,1
así pongan un millón de agentes de nada sirve si todos son corruptos,seguridad,2,1,1,1.0,3,1
me da risa se pasan es mejor proteger a los turistas no,seguridad,2,1,1,1.0,3,1
camila te seguimos buscando,seguridad,3,3,3,2.0,3,3
lamentablemente así es gastan en cosas que ni al caso y nosotros que tenemos un desaparecido ni nos voltean a ver me entristece,seguridad,1,1,1,1.0,4,1
mas de 23000 millones gastados y mal gastados,seguridad,1,1,1,1.0,4,1
tampoco estados unidos es seguro con sus guerras,seguridad,2,3,3,3.0,3,3
justicia,seguridad,3,3,3,1.0,3,3
alcemos la voz,seguridad,2,3,3,1.0,2,3
ojalá todos pudieran regresar con bien a su casa,seguridad,3,4,3,4.0,2,3
espero puedan encontrar cada una de las familias a sus desaparecidos y el apoyo total,seguridad,3,5,3,1.0,2,3
esto es importante que escuchen todos los gobiernos y los pueblos las personas son importantes,seguridad,3,3,3,4.0,3,3
presiento que algo muy malo pasara yo no iría a ningún estadio a andaría en las calles en esas fechas,seguridad,2,2,1,1.0,2,1
pero la presidenta dice que todo esta excelente y nada de esto pasa,seguridad,2,2,1,1.0,2,1
este problema tiene años y el gobierno no muestra acciones por colaborar de manera efectiva en la búsqueda de personas desaparecidas miran hacia otro lado y con el mundial encima menos atenderán esta necesidad que debe ser prioritaria mis mejores deseos para que encuentren a sus familiares desaparecidos,seguridad,2,1,1,1.0,3,1
pan y circo control me entristece,seguridad,2,1,1,1.0,3,1
plan kukulkán es todo el año no solo en mundial,seguridad,3,3,3,3.0,4,3
justicia,seguridad,3,3,3,1.0,3,3
no estamos en contra del mundia,seguridad,3,3,3,3.0,4,3
yo si quiero el mundial pero creo que no se debió a ver aceptado el torneo ya que ahorita hay demasiados desaparecidos,seguridad,2,2,2,2.0,4,2
eso significa después del mundial seguiremos igual o peor me gusta,seguridad,2,2,1,1.0,2,1
y aparte el gobierno gastando millones para los 2 3 partidos pedorros que van a tener,seguridad,2,2,1,1.0,2,1
señor porque no decían nada antes porque haora me enoja mucho,seguridad,2,2,2,1.0,3,2
muy cierto no se dan de cuenta que hay realmente prioridades me entristece mucho,seguridad,2,2,1,1.0,2,1
el bicho campeón,seguridad,5,3,3,1.0,2,3
pues no es culpa de los que traen los mundiales si no de la gente que asiste a los partidos sin ellos no habría mundial,seguridad,3,3,3,2.0,3,3
superhipo35 prefiero un méxico sin desaparecidos que un mundial espero que puedan encontrarlos y los familiares tengan paz,seguridad,2,1,1,1.0,3,1
el sipisapo de seguridad,seguridad,2,1,1,1.0,3,1
brkn void me da risa ifusión difusión difusión difusión difusión difusión difusión difusión difusión difusión difusión difusión difusión difusión difusión difusión difusión difusión difusión difusión difusión difusión difusión difusión difusión difusión difusión difusión difusión difusión difusión difusión difusión difusión difusión difusión difusión difusión difusión difusión difusión difusión difusión difusión difusión difusión difusión difusión difusión difusión difusión difusión difusión difusión difusión difusión difusión difusión difusión difusión difusión difusión difusión difusión difusión difusión difusión difusión difusión difusión difusión difusión difusión difusión difusión difusión difusión difusión difusión difusión difusión difusión difusión difusión difusión difusión difusión difusión difusión difusión difusión difusión difusión difusión difusión difusión difusión difusión difusión difusión difusión difusión difusión difusión difusión difusión difusión difusión difusión difusión difusión difusión difusión difusión difusión difusión difusión difusión difusión difusión difusión difusión difusión difusión difusión difusión difusión difusión difusión difusión difusión difusión difusión difusión difusión difusión difusión difusión difusión difusión difusión difusión difusión difusión difusión difusión difusión difusiónj difusión difusión,seguridad,3,3,3,1.0,3,3
mucho activismo en los comentarios pero la mayoría compraron los álbumes qué es una ganancia para ellos y van hasta endeudarse alguno para ir al mundial,seguridad,3,3,3,2.0,3,3
no pueden protegernos a nosotros ah pero que tal a los visitantes es una burla más me da risa mucho,seguridad,2,1,1,1.0,3,1
entonces solo habrá seguridad por el mundial me entristece,seguridad,2,2,2,1.0,3,2
que triste que solo por presión extranjera este gobierno mediocre haga lo que tiene que hacer,seguridad,2,2,1,1.0,2,1
aquí en méxico se preocupa más por pendejadas como el mundial que por las cosas que verdaderamente importa a si es méxico,seguridad,1,1,1,1.0,4,1
es ridículo que solo por el mundial desplieguen tanta seguridad así eso debió haber sido hace años y siempre,seguridad,2,2,1,1.0,2,1
no pues entonces que nunca se vayan los turistas caray para estar más protegidos,seguridad,2,2,1,1.0,2,1
wey y porque no ablas de eeuu de nada,seguridad,3,3,3,1.0,3,3
se dan cuenta que eso lo podrían hacer sin el mundial y no lo hacen,seguridad,2,2,2,1.0,3,2
a la muy malo el mundial,seguridad,2,1,1,1.0,3,1
dos puntos el primero hagan una manifestación durante los partidos del mundial afuera de los estadios en las zonas donde habrá pantallas para ver los partidos y etc habrá medios de todo el mundo y gente de muchos países que posiblemente lleguen a grabar y se haga noticia mundial cierren también algunas calles para hacer más tardado el acceso a los partidos asi podrán ser más escuchados y tendrán la ayuda que necesitan segundo punto la mayoría del dinero invertido para remodelaciones decoraciones etc es por parte de la fifa el gobierno solo pone una pequeña parte realmente el gobierno si quisiera ayudar ya hubiera destinado más fondos a eso pero simplemente no quiere amo el fútbol y estoy a favor del mundial pero sinceramente no sería lo mismo si mi madre me gusta hermana o amigos no estuvieran para verlo a mi lado ojalá que encuentren a sus familiares y que vivan en paz esperemos que sean escuchados y que el gobierno haga algo,seguridad,2,2,2,2.0,4,2
es más importante el mundial,seguridad,2,3,5,2.0,2,2
y mas de 200 mdp en remodelacion en jalisco que tristeza,seguridad,2,2,1,1.0,2,1
que hagan su trabajo no mundial tantas carencias necesidades para el mundial deberían plantarse en los estadios lo familiares de desaparecidos en protesta para que el mundo se de cuenta de lo que se vive,seguridad,2,1,1,1.0,3,1
los que vallan a mexico,seguridad,3,3,3,3.0,4,3
pues que no se pierdan y ya,seguridad,2,3,3,1.0,2,3
se nota el dolor en sus palabras perder un familiar debe ser terrible espero algún día aparezcan me gusta me entristece,seguridad,3,3,3,3.0,4,3
como me dueles méxico me entristece mucho,seguridad,1,1,1,1.0,4,1
difusión difusión difusión difusión difusión difusión difusión difusión difusión difusión difusión difusión difusión difusión difusión difusión difusión difusión difusión difusión difusión difusión difusión difusión difusión difusión difusión difusión difusión difusión difusión difusión difusión difusión difusión difusión difusión difusión difusión difusión difusión difusión difusión difusión difusión difusión difusión difusión difusión difusión difusión difusión difusión difusión difusión difusión difusión difusión difusión difusión difusión difusión difusión difusión difusión difusión difusión difusión difusión difusión difusión difusión difusión difusión difusión difusión difusión difusión difusión difusión difusión difusión difusión difusión difusión difusión difusión difusión difusión difusión difusión difusión difusión difusión difusión difusión difusión difusión difusión difusión difusión difusión difusión difusión difusión difusión difusión difusión difusión difusión difusión difusión difusión difusión difusión difusión difusión difusión difusión difusión difusión difusión difusión difusión difusión difusión difusión difusión difusión difusión difusión difusión difusión difusión difusión difusión difusión difusión difusión difusión difusión difusión difusión difusión difusión difusión difusión difusiónj difusión difusión,seguridad,2,3,3,1.0,2,3
en estos momentos el mundial es importante,seguridad,3,3,4,3.0,3,3
se me apachurra el corazón me entristece,seguridad,2,1,1,1.0,3,1
si debemos estar en contra del mundial es un gasto innecesario para el mundo mientras hay temas como este que realmente si importan,seguridad,2,2,1,1.0,2,1
que dios me gusta les bendiga y logren encontrar a sus hijos,seguridad,3,3,3,5.0,3,3
no bueno el pan naranja fue lo mismo q fox anunciando un cambio real pero realmente dió atole con el dedo fuerza hermanos jaliscienses,seguridad,2,1,1,1.0,3,1
que triste saber que el gobierno no le interesa su país,seguridad,2,1,1,1.0,3,1
cómo romperme el corazón en segundos nuestros desaparecidos muchos jugaban fútbol,seguridad,1,2,1,1.0,3,1
queeeee,seguridad,3,3,3,1.0,3,3
la gran mayoría de investigación es privada el gobierno solo gasta en remodelasion pública pero ese es su trabajo,seguridad,3,4,3,2.0,2,3
o sea pero por qué todo lo quieren hacer el mero día del mundial ay no dios mío con esta gente deje en el mundial en paz déjenos disfrutar el fútbol déjenos disfrutar algo que nos gusta,seguridad,2,2,1,1.0,2,1
ahhh o sea que si pueden fortalecer la seguridad pero no quieren,seguridad,2,2,1,1.0,2,1
y solo para el mundial,seguridad,2,2,2,1.0,3,2
sigan votando por morena mexico no importa el mundial si,seguridad,2,3,1,1.0,2,1
falta cumplirle a los campesinos si no van a cancelar el mundial,seguridad,2,2,2,1.0,3,2
es que no lo entenderías son cosas diferentes,seguridad,3,3,3,3.0,4,3
a mí me contestaron muchos que ellos si quieren mundial es decepcionante,seguridad,2,2,2,1.0,3,2
pueden proteger a todos menos a los mexicanos,seguridad,2,2,1,1.0,2,1
esto deberían de hacer todos los días sin mundial para proteger a su país,seguridad,2,2,2,1.0,3,2
se necesitan al menos 9 palabras una coma y un punto para que tu comentario cuente así que copia y pega,seguridad,3,3,3,3.0,4,3
que impotencia me entristece,seguridad,1,2,1,1.0,3,1
a quien le importa el mundial ahorita,seguridad,3,3,2,1.0,2,3
difusión difusión difusión difusión difusión difusión difusión difusión difusión difusión difusión difusión difusión difusión difusión difusión difusión difusión difusión difusión difusión difusión difusión difusión difusión difusión difusión difusión difusión difusión difusión difusión difusión difusión difusión difusión difusión difusión difusión difusión difusión difusión difusión difusión difusión difusión difusión difusión difusión difusión difusión difusión difusión difusión difusión difusión difusión difusión difusión difusión difusión difusión difusión difusión difusión difusión difusión difusión difusión difusión difusión difusión difusión difusión difusión difusión difusión difusión difusión difusión difusión difusión difusión difusión difusión difusión difusión difusión difusión difusión difusión difusión difusión difusión difusión difusión difusión difusión difusión difusión difusión difusión difusión difusión difusión difusión difusión difusión difusión difusión difusión difusión difusión difusión difusión difusión difusión difusión difusión difusión difusión difusión difusión difusión difusión difusión difusión difusión difusión difusión difusión difusión difusión difusión difusión difusión difusión difusión difusión difusión difusión difusión difusión difusión difusión difusión difusión difusiónj difusión difusión,seguridad,2,3,3,1.0,2,3
dios nos bendiga,seguridad,3,3,3,5.0,3,3
manguito me da risa ifusión difusión difusión difusión difusión difusión difusión difusión difusión difusión difusión difusión difusión difusión difusión difusión difusión difusión difusión difusión difusión difusión difusión difusión difusión difusión difusión difusión difusión difusión difusión difusión difusión difusión difusión difusión difusión difusión difusión difusión difusión difusión difusión difusión difusión difusión difusión difusión difusión difusión difusión difusión difusión difusión difusión difusión difusión difusión difusión difusión difusión difusión difusión difusión difusión difusión difusión difusión difusión difusión difusión difusión difusión difusión difusión difusión difusión difusión difusión difusión difusión difusión difusión difusión difusión difusión difusión difusión difusión difusión difusión difusión difusión difusión difusión difusión difusión difusión difusión difusión difusión difusión difusión difusión difusión difusión difusión difusión difusión difusión difusión difusión difusión difusión difusión difusión difusión difusión difusión difusión difusión difusión difusión difusión difusión difusión difusión difusión difusión difusión difusión difusión difusión difusión difusión difusión difusión difusión difusión difusión difusión difusión difusión difusión difusión difusión difusión difusiónj difusión difusión,seguridad,1,1,3,1.0,3,1
que triste me entristece mucho,seguridad,2,2,1,1.0,2,1
osea que si hay seguridad pero no para el mexicano,seguridad,2,2,1,1.0,2,1
el gobierno protegiendo el mundial a toda costa pero no a los propios mexicanos me da risa,seguridad,1,1,1,1.0,4,1
interactuando,seguridad,3,3,3,3.0,4,3
no necesitamos un mundial necesitamos justicia y seguridad,seguridad,1,2,1,1.0,3,1
méxico no necesita un mundial necesitamos un mejor país,seguridad,1,2,1,1.0,3,1
deberia existir una plataforma de fácil acceso que diera nombre del desaparecido y estatus oficial emitido por el organismo que atiende este delito,seguridad,2,3,2,2.0,3,2
sugar coffee gaby s gf valex beatrice manguito me da risa ifusión difusión difusión difusión difusión difusión difusión difusión difusión difusión difusión difusión difusión difusión difusión difusión difusión difusión difusión difusión difusión difusión difusión difusión difusión difusión difusión difusión difusión difusión difusión difusión difusión difusión difusión difusión difusión difusión difusión difusión difusión difusión difusión difusión difusión difusión difusión difusión difusión difusión difusión difusión difusión difusión difusión difusión difusión difusión difusión difusión difusión difusión difusión difusión difusión difusión difusión difusión difusión difusión difusión difusión difusión difusión difusión difusión difusión difusión difusión difusión difusión difusión difusión difusión difusión difusión difusión difusión difusión difusión difusión difusión difusión difusión difusión difusión difusión difusión difusión difusión difusión difusión difusión difusión difusión difusión difusión difusión difusión difusión difusión difusión difusión difusión difusión difusión difusión difusión difusión difusión difusión difusión difusión difusión difusión difusión difusión difusión difusión difusión difusión difusión difusión difusión difusión difusión difusión difusión difusión difusión difusión difusión difusión difusión difusión difusión difusión difusiónj difusión difusión,seguridad,3,3,3,3.0,4,3
asi nos deberían de proteger a todos los mexicanos que vistamos a nuestro país,seguridad,2,5,5,1.0,2,5
solo por el mundial los demás días los mexicanos pueden buscar su propia seguridad y aún así hay gente que piensa que la 4t es lo mejor,seguridad,2,2,1,1.0,2,1
que lo quiten que lo quiten,seguridad,1,1,1,1.0,4,1
proteger a los extranjeros proteger a los mexicanos,seguridad,3,3,3,4.0,3,3
hay que reforzar esas pegas los días de mundial,seguridad,2,2,4,2.0,3,2
bueno y ahora con la guerra de eeuu vs iran apoco no hay miedo en ir a ver el mundial ahi tambien,seguridad,2,2,2,1.0,3,2
todo sea por los extranjeros y que a los mexicanos nos cargue la chingasa,seguridad,1,1,1,1.0,4,1
aun asi mexico no es seguro mundial cancelado,seguridad,2,1,1,2.0,2,1
no están solos papás,seguridad,3,3,3,1.0,3,3
no queremos mundial,seguridad,2,1,1,1.0,3,1
sigan alzando la voz,seguridad,3,3,3,1.0,3,3
ya cancelen el mundial,seguridad,1,1,1,1.0,4,1
y porque no hacen eso a diario en méxico osea solo por qué será el mundial,seguridad,2,2,2,1.0,3,2
me encanta el futbol y espero con ansias que empiece el mundial pero deseo que los mexicanos se hagan muuuy presentes el día de la inauguración afuera del azteca es la oportunidad perfecta para que el mundo sepa lo que vivimos,seguridad,5,4,4,4.0,3,4
noalmundial me enoja muchisimo,seguridad,1,1,1,1.0,4,1
dijo el ciego lla beremos si la misma corrumcion esta en la misma ley,seguridad,2,2,1,1.0,2,1
y por qué no asen un plan para la seguridad de los mexicanos que burla de este gobierno con sus ciudadanos,seguridad,2,1,1,1.0,3,1
0,seguridad,3,3,1,1.0,2,1
estamos con ustedes,seguridad,5,5,5,5.0,4,5
entnsses los mexicanos no importan k rraros estos goviernos,seguridad,1,2,1,1.0,3,1
justicia me gusta,seguridad,5,3,5,3.0,2,3
si que el mundial se suspenda en mexico,seguridad,2,1,1,1.0,3,1
todavía se pueden hacer escuchar cerrar las vialidades los días que habrá juego en la ciudad tanto para jugadores como en general sería un foco de exposición global para ejercer algo de presión,seguridad,2,4,3,2.0,2,2
más gusto me dará cuando méxico haga el ridículo en el mundial me encanta el fútbol pero jamás será más importante que situaciones como esta,seguridad,2,2,1,1.0,2,1
mi profundo respeto empatía que puedan dar con sus familiares y puedan dar fin a su pesar,seguridad,3,3,3,1.0,3,3
osea si hay seguridad pero solo para lo q les conviene,seguridad,2,2,2,1.0,3,2
y para cuándo él plan para proteger a los mexicanos,seguridad,2,2,2,1.0,3,2
por qué no hay empatía,seguridad,2,2,2,2.0,4,2
no queremos mundial primero lo primero,seguridad,2,2,1,1.0,2,1
reforzar la seguridad porque es tu trabajo que el país sea seguro reforzar la seguridad para que no te quiten el mundial que solo beneficia a millonarios,seguridad,2,2,1,1.0,2,1
lamentable vivimos en un mundo capitalista no todo puede ser bonito y correcto y aun más con la corrupción son cosas que la única forma de corregir es revivir como una sociedad mejor,seguridad,2,2,2,1.0,3,2
paz primero y luego mundial,seguridad,3,3,2,1.0,2,3
si el gobierno quisiera combatir a los cárteles si podría hacerlo con este despliegue lo están demostrando lo que pasa es que no quieren combatirlos,seguridad,2,2,1,1.0,2,1
no queremos mundial queremos justicia,seguridad,1,1,1,1.0,4,1
hoooorale señor omar y porque no nos hace un plan kukulkan para los mexicanos también porfis me da risa,seguridad,2,1,1,1.0,3,1
yo voto porque kukulcán se quede después del mundial en jalisco hasta que jalisco sea seguro y libre,seguridad,2,5,2,1.0,2,2
interacturando,seguridad,3,3,3,2.0,3,3
pero que gobierno tan descarado no tienen un plan para proteger a su propia gente y si prometen proteger a los extranjeros por dios,seguridad,2,1,1,1.0,3,1
ósea que si protegen a los extranjeros y a los mexicanos ni los quieren apoyar,seguridad,2,2,1,1.0,2,1
y por qué no hacen ese plan para limpiar méxico no solo por un show,seguridad,2,2,2,1.0,3,2
que se cancele,seguridad,1,1,1,1.0,4,1
no quieren perder el circo me da risa muchisimo,seguridad,2,1,1,1.0,3,1
interactuando,seguridad,3,3,3,3.0,4,3
interactuando,seguridad,3,3,3,3.0,4,3
eso está muy tarde debieron haber iniciado hace 7 años pero no eran abrazos y no balazos,seguridad,2,2,1,1.0,2,1
ósea que siempre pudieron dar seguridad como en el salvador pero no querían,seguridad,2,2,1,1.0,2,1
no sé vale que le pongas más atención ahora que no está que cuando lo tenías a tu lado,seguridad,2,2,2,1.0,3,2
y por qué no despliegan eso permanentemente,seguridad,2,2,2,1.0,3,2
necesitamos seguridad y a todos los mexicanos que se unan y digan no al mundial me enoja mucho,seguridad,1,1,1,1.0,4,1
osea que nos mienten si pueden defender extranjeros pero no nos pueden defender a los mexicanos,seguridad,2,2,1,1.0,2,1
si supieran que el estadio es un panteón mexico es una fosa gigante,seguridad,2,1,1,1.0,3,1
los apoyo y espero tengan una esperanza de encontrar a sus seres queridos de corazón espero los encuentren y el mundial que se valla alv,seguridad,3,3,1,5.0,2,3
osea que el gobierno de méxico solo puede aplicar un plan como este cuando le van a quitar del torneo de la copa del mundo y no en el ámbito diario,seguridad,2,2,1,1.0,2,1
sarai bautista acost brkn void me da risa ifusión difusión difusión difusión difusión difusión difusión difusión difusión difusión difusión difusión difusión difusión difusión difusión difusión difusión difusión difusión difusión difusión difusión difusión difusión difusión difusión difusión difusión difusión difusión difusión difusión difusión difusión difusión difusión difusión difusión difusión difusión difusión difusión difusión difusión difusión difusión difusión difusión difusión difusión difusión difusión difusión difusión difusión difusión difusión difusión difusión difusión difusión difusión difusión difusión difusión difusión difusión difusión difusión difusión difusión difusión difusión difusión difusión difusión difusión difusión difusión difusión difusión difusión difusión difusión difusión difusión difusión difusión difusión difusión difusión difusión difusión difusión difusión difusión difusión difusión difusión difusión difusión difusión difusión difusión difusión difusión difusión difusión difusión difusión difusión difusión difusión difusión difusión difusión difusión difusión difusión difusión difusión difusión difusión difusión difusión difusión difusión difusión difusión difusión difusión difusión difusión difusión difusión difusión difusión difusión difusión difusión difusión difusión difusión difusión difusión difusión difusiónj difusión difusión,seguridad,1,3,3,1.0,2,1
tiene tiempo para planear proteger extranjeros pero no pueden combatir el narco,seguridad,2,1,1,1.0,3,1
o sea que si es posible vivir en un méxico seguro solo que tienen que quedar bien con todo el mundo menos con su pueblo órale,seguridad,2,2,1,1.0,2,1
ojalá cancelen el mundial,seguridad,1,1,1,1.0,4,1
ajá los extranjeros bien protegidos y bien asustados,seguridad,2,1,1,1.0,3,1
pablo lemus con mucho coraje para ti,seguridad,3,3,5,2.0,2,3
y después del mundial que nos lleve la vrg,seguridad,1,2,1,1.0,3,1
el prian firmó los acuerdos del mundial y movimiento ciudadno es lo mismo,seguridad,2,2,3,1.0,2,2
y si contratan mejor a nayib bukele,seguridad,2,3,2,1.0,2,2
ósea que si podían y no querían,seguridad,2,2,1,1.0,2,1
no pos ojalá todos los días haya mundial porque solo así hacen algo,seguridad,2,2,1,1.0,2,1
gracias sheinbaum,seguridad,5,5,5,5.0,4,5
se ven bien piratas nuestros aviones la vdd,seguridad,2,4,2,1.0,2,2
nos queda claro que a este gobierno no le interesa protegernos,seguridad,1,1,1,1.0,4,1
pero la presidenta dice que no pasa nada,seguridad,2,3,1,1.0,2,1
que vergüenza para los mexicanos y porq no degan esa seguridad por siempre ósea q si se puede pero no quieren invertir en su pueblo,seguridad,2,1,1,1.0,3,1
pero el responsable del mundial el la presidencia no las gobernaturas,seguridad,3,3,3,3.0,4,3
y porque no aplican ese plan de manera permanente,seguridad,2,2,2,1.0,3,2
protegen a otros y no a su propia gente wow,seguridad,2,1,1,1.0,3,1
no queremos mundial queremos seguridad,seguridad,1,1,1,1.0,4,1
esto solo se dará por el mundial y por que esta actividad de seguridad no tenemos seguridad garantizada a mexico y los mexicanos,seguridad,2,2,2,1.0,3,2
y porque no protegen al país así normalmente osea si se puede pero solo para este evento y todo lo de más del año nos fre mos todos,seguridad,2,2,2,1.0,3,2
no pueden evitar los asaltos afuera del foro sol estadio gnp y así quieren cuidar a los turistas y asistentes al mundial por dios,seguridad,2,1,1,1.0,3,1
que le quiten la sede,seguridad,2,1,1,1.0,3,1
interactuando,seguridad,3,3,3,3.0,4,3
pero si lemus dice que no hay suficiente personal policial por eso vallarta terminó así pero para los turistas si va a haber personal,seguridad,2,2,2,2.0,4,2
30 días de seguridad en méxico hay de disfrutarla porque no lo volveremos a ver hasta que tengamos otro mundial,seguridad,4,2,1,1.0,2,1
y por qué no despliega esa seguridad todos los días,seguridad,2,2,2,1.0,3,2
nada grita seguridad como estar constante rodeado de policías militares y guardia nacional no es una imagen muy acogedora y reconfortante,seguridad,2,2,1,1.0,2,1
que no se pierda esta publicación que de vuelta al mundo,seguridad,3,3,3,1.0,3,3
y si hacemos un mundial cada mes y así estamos protegidos todo el año,seguridad,2,3,1,1.0,2,1
lo que gastaron en traer el concierto de shakira y de los bts,seguridad,2,2,3,1.0,2,2
valex beatrice manguito me da risa ifusión difusión difusión difusión difusión difusión difusión difusión difusión difusión difusión difusión difusión difusión difusión difusión difusión difusión difusión difusión difusión difusión difusión difusión difusión difusión difusión difusión difusión difusión difusión difusión difusión difusión difusión difusión difusión difusión difusión difusión difusión difusión difusión difusión difusión difusión difusión difusión difusión difusión difusión difusión difusión difusión difusión difusión difusión difusión difusión difusión difusión difusión difusión difusión difusión difusión difusión difusión difusión difusión difusión difusión difusión difusión difusión difusión difusión difusión difusión difusión difusión difusión difusión difusión difusión difusión difusión difusión difusión difusión difusión difusión difusión difusión difusión difusión difusión difusión difusión difusión difusión difusión difusión difusión difusión difusión difusión difusión difusión difusión difusión difusión difusión difusión difusión difusión difusión difusión difusión difusión difusión difusión difusión difusión difusión difusión difusión difusión difusión difusión difusión difusión difusión difusión difusión difusión difusión difusión difusión difusión difusión difusión difusión difusión difusión difusión difusión difusiónj difusión difusión,seguridad,1,3,3,1.0,2,1
no al mundial,seguridad,1,1,1,1.0,4,1
y a nosotros cuando,seguridad,2,3,2,1.0,2,2
cuidan más alos extranjeros que asu propia gente gobierno hambriado y corrupto,seguridad,2,1,1,1.0,3,1
seguridad durante y porque no siempre,seguridad,3,2,3,1.0,2,3
haber cuantos turistas desaparecen durante el mundial,seguridad,2,1,1,1.0,3,1
pero la presidenta prefiere decir que no veamos tv azteca,seguridad,2,2,1,1.0,2,1
que triste así nos deberían cuidar a nosotros 15 días después volvemos a la realidad,seguridad,2,2,2,1.0,3,2
movimiento naranja nanana,seguridad,3,3,1,1.0,2,1
protegiendo a los de afuera y a las mujeres de mexico y los desaparecid s nada,seguridad,1,1,1,1.0,4,1
hagan estos videos con subtítulos en ingles para que otros paises se enteren,seguridad,3,3,4,3.0,3,3
no queremos un mundial queremos visibilidad y soluciones a cosas que realmente importan,seguridad,2,2,1,1.0,2,1
kukulkan van a llamar a namor,seguridad,3,3,3,2.0,3,3
plan khe,seguridad,3,3,3,1.0,3,3
pues lamento decirles que jamás los van a encontrar me da risa,seguridad,2,1,1,1.0,3,1
con esto demuestra que el gobierno si puede vs el narco solo qué no quieren,seguridad,2,2,1,1.0,2,1
ósea que si pueden pero no quieren,seguridad,2,2,1,1.0,2,1
o sea que si se puede proteger a los mexicanos solo que no lo quieren hacer,seguridad,2,2,1,1.0,2,1
no queremos mundial queremos 0 violencia 0 políticos corruptos,seguridad,1,1,1,1.0,4,1
mexicanos unidos jamás serán vencidos,seguridad,5,5,5,5.0,4,5
apollemos a estos padres y madres buscadoras dios los bendiga y los proteja,seguridad,5,5,3,1.0,2,5
interactuando,seguridad,3,3,3,3.0,4,3
ayúdenme a compartir,seguridad,3,3,3,3.0,4,3
seguridad para los extranjeros y a los ciudadanos mexicanos nada,seguridad,2,2,1,1.0,2,1
jordy q el mundial no trae ningún beneficio al país anfitrión solo hay que investigar el desastre que ocurrió en cada país anfitrión del mundial,seguridad,2,2,1,1.0,2,1
si ni con los suyos le importa ahora con turistas,seguridad,2,2,1,1.0,2,1
bueno siempre en un sistema capitalista el capital va a estar por arriba que los seres humanos y hoy la fifa soborna a gobiernos y gana millones exitos y esperemos que tengan buenos resultados,seguridad,3,2,2,1.0,2,2
nmmz llevan pidiendo más de 90 años seguridad nunca se va acabar la delincuencia me entristece,seguridad,2,1,2,1.0,2,1
así nos deberían de cuidar todos los días alos mexicanos,seguridad,2,2,5,1.0,2,2
espero que pueden encontrar finalmente a sus familiares o saber saber su destino fuerzas a las familias que están en la busca de encontrar respuestas mis condolencias y espero que pronto la gente pueda dar más visibilidad a toda está problemática que es hasta el día de hoy es difícil de mantener oculto ya que el sufrimiento no se olvida ni mucho menos de ve como algo vergonzoso de l país todos son importantes de igual manera que tiene personas que les importa tanto como mujeres y hombre esperopronto puedan ser ayudados con buena fé,seguridad,2,3,1,1.0,2,1
donde puedo donar para sus impresiones,seguridad,3,5,3,1.0,2,3
hay otros que nacen en méjico,seguridad,3,3,3,1.0,3,3
le pido a dios que todos ustedes encuentren a sus seres queridos,seguridad,3,3,3,1.0,3,3
la cosa debe estar grabe para invocar a kukulkán,seguridad,2,3,1,1.0,2,1
entonces siempre han podido,seguridad,3,3,3,1.0,3,3
osea están reconociendo que si pueden dar seguridad a méxico pero han escogido en no hacerlo todo este tiempo este régimen es una burla,seguridad,2,1,1,1.0,3,1
siga alzando la voz,seguridad,3,3,5,1.0,2,3
la vrda si me da vergüenza decir que soy de méxico we,seguridad,1,1,1,1.0,4,1
que así cuidaran a los mexicanos todos los días otra historia sería,seguridad,2,2,2,1.0,3,2
no ma si podían hacen eso porque no lo hicieron con nosotros,seguridad,2,2,1,1.0,2,1
todo eso deben usar para acabar con los carteles y cuidar a la ciudadanía siempre,seguridad,2,2,1,1.0,2,1
dios mio no puedo imaginar ese dolor me entristece mucho,seguridad,3,3,3,1.0,3,3
ya pactaron con el narco que no haga desmadre en las sedes,seguridad,2,1,1,1.0,3,1
osea tienen dinero para movilizar a tantos elementos de fuerzas de seguridad para un mundial y no para luchar contra el narco me da risa,seguridad,1,1,1,1.0,4,1
jaliscomajico,seguridad,3,3,5,2.0,2,3
botón de deseo que méxico no participe como sede del mundial,seguridad,1,1,1,1.0,4,1
3 mil millones en 3 focos esteticos en el metro no me gusta,seguridad,2,2,2,1.0,3,2
y la seguridad para la demás gente que,seguridad,2,3,3,2.0,2,2
creo que este mundial no va a ir mucha gente solo a canadá me da risa mucho,seguridad,2,2,2,2.0,4,2
ósea que si pueden brindar seguridad pero no les da la gana,seguridad,2,2,1,1.0,2,1
los mexicanos,seguridad,3,3,3,3.0,4,3
ojala el mundial durará para siempre,seguridad,5,5,5,5.0,4,5
yo soy de méxico y no vengan no le den dinero a este marco gobierno,seguridad,1,1,1,1.0,4,1
y quien pidió el mundial peña nieto xq las cedes se eligen con 8 años de anticipación,seguridad,2,2,3,1.0,2,2
mi total admiración y respeto hacía con ustedes por su persistencia y fuerza que dios les permita reunirse nuevamente con sus familiares,seguridad,5,5,5,5.0,4,5
no queremos mundial queremos paz,seguridad,1,1,1,1.0,4,1
que así se movieran pra acabar con la delincuencia en méxico y no nada más para un evento deportivo,seguridad,2,2,2,1.0,3,2
y por que lo tienen que hacer cuando va a estar un evento de talla mundial y no diariamente para los mexicanos,seguridad,2,2,2,1.0,3,2
seguridad para el turista y abrazos para los mexicanos,seguridad,2,4,5,2.0,2,2
así debería ser todos los días,seguridad,5,5,5,1.0,3,5
quieren hacer en meses lo que no han podido en años me da risa,seguridad,2,1,1,1.0,3,1
espero encuentren a sus hijos nadie debiera pasar por eso,seguridad,3,3,3,1.0,3,3
ojalá así nos cuidaran todo el tiempo para combatir,seguridad,2,4,4,1.0,2,4
no les va a funcionar nunca les funciona,seguridad,2,1,1,1.0,3,1
un aplauso para ustedes,seguridad,5,5,5,5.0,4,5
triste la situación de méxico,seguridad,2,2,1,1.0,2,1
no estamos encontra del mundial estamos encontra del olvido,seguridad,1,2,1,1.0,3,1
muy bien vergüenza es lo que no tiene el gobierno,seguridad,1,5,1,1.0,3,1
sigan esperando,turismo,3,3,1,1.0,2,1
el punto medio lo entendí pero fue muy mal planteado me da risa,turismo,2,2,2,2.0,4,2
ya escucho jefe que no voy a poder salir,turismo,2,2,3,1.0,2,2
uff monterrey tendrá turistas me da risa humor llorones,turismo,2,3,1,2.0,2,2
no creo así como está la delincuencia y tú no quieres hacer nada más que abrazarnos,turismo,2,2,1,1.0,2,1
que que quiere manifestaciones,turismo,2,3,3,1.0,2,3
quien se le antocaja de plantón esos días traemos carnitas asadas,turismo,3,3,3,1.0,3,3
mejora la seguridad primero,turismo,2,2,2,1.0,3,2
que nos paguen y así no salimos ni a tocar la luz del poco jajaajjajaja,turismo,2,1,1,1.0,3,1
y si mejor van y limpian los ríos arreglan las calles remodelan parques abandonados en vez de un mundial que solo traerá contaminación y gente ya somos muchos,turismo,1,1,1,1.0,4,1
no que la gentrificacion,turismo,2,3,2,1.0,2,2
con el peligro k los secuestren,turismo,2,2,1,1.0,2,1
y cuántos van a regresar con vida a sus ciudades,turismo,2,1,1,1.0,3,1
ya me ví en el oxxo bailando con las de brasil,turismo,3,3,3,3.0,4,3
sale entonces me muero de hambre,turismo,3,1,1,1.0,3,1
yo a méxico no voy ni aunque me paguen el viaje todo pagado,turismo,2,1,1,1.0,3,1
y como tienes esos datos si aún no pasa y apoko va estar como los tuburios esperando clientes pa poder ganar todos me da risa si me entiendes no,turismo,3,1,1,1.0,3,1
las soluciones del bienestar,turismo,3,3,3,2.0,3,3
que nos manifestamos,turismo,2,3,3,1.0,2,3
manifestación ya yeaaaaaa,turismo,5,3,1,1.0,2,1
nunca salgo pero ahora saldré nadamás para jod3r jajajajajajaa,turismo,2,3,3,1.0,2,3
que le pasa iba a aprovechar para salir más me da risa,turismo,2,2,1,1.0,2,1
que gusto me va a dar que en pleno mundial le cierren avenidas que protesten que vean que el país se está cayendo,turismo,2,1,1,1.0,3,1
como cuidara a esos visitantes,turismo,3,2,3,3.0,3,3
jajsja lo q dijo erick gerardo es comp decir q no es agua es h2o me da risa es lo mismo pero mas fino,turismo,3,3,1,1.0,2,1
tanto se la pasaban criticando a díaz ordaz de la masacre en tlatelolco y a si le valió y se efectuaron las olimpiadas del 68 ahora que otra vez hacen lo mismo sabiendo que estamos viviendo días de violencia,turismo,2,2,1,1.0,2,1
donde esta el sticker de que se vaya a la,turismo,3,3,3,3.0,4,3
si mataron al alcalde de méxico ella no dijo nada imaginarse a los turista pasa nada,turismo,2,2,1,1.0,2,1
q salgamos dice,turismo,2,3,3,1.0,2,3
mejor más hospitales en vez de gastar en tonterías,turismo,2,2,1,1.0,2,1
y pur culpa de la disque presidente ya no se va hacer,turismo,2,2,1,1.0,2,1
abajo el mundial,turismo,1,1,1,1.0,4,1
y tiktok inundando de turistas diciendo y aconsejando que no vayan a méxico por el tema de la inseguridad y por qué todo está carísimo,turismo,2,2,1,1.0,2,1
ojalá y dios quiera que nada malo les pase a esos visitantes digo por como está la inseguridad no valla hacer que terminen o desaparecidos o secuestrados,turismo,2,2,1,1.0,2,1
creo que quiere manifestaciones,turismo,2,3,3,1.0,2,3
que no compren el var,turismo,2,2,2,1.0,3,2
eso antes debieron de preveer,turismo,2,2,2,1.0,3,2
les damos vergüenza,turismo,1,2,1,1.0,3,1
y va a ir a tulam,turismo,3,3,3,1.0,3,3
uuy ya saben como nos encontramos los mexicanos con esta mal dita inseguridad mexico se desangra ahora la corrupcion nise diga,turismo,1,1,1,1.0,4,1
gracias presidenta tienes todo nuestro apoyo,turismo,5,5,5,5.0,4,5
ese nivel de inteligencia siempre eh pensado que tienen los políticos,turismo,2,2,1,1.0,2,1
yo por molestar si no salgo saldría por decirme que hacer,turismo,2,3,3,1.0,2,3
ahorita no estamos para esas cosas que se cancele,turismo,2,2,2,1.0,3,2
keeeeeeeeee,turismo,3,3,3,2.0,3,3
yo no quería trabajar esos días pero creo que hasta caminando me voy a ir,turismo,3,3,3,2.0,3,3
méxico no lo quieres tu,turismo,2,1,1,1.0,3,1
deme 40000 a la semana mientras dure el mundial y tenemos trato,turismo,3,1,3,1.0,2,1
lo que dice es que ese día los niños no tengan clases y que la gente trabaje en home office para que puedan disfrutar del mundial,turismo,3,3,3,4.0,3,3
que salgamos dice,turismo,2,3,3,1.0,2,3
ya se le olvidó lo de cambiar los manzo,turismo,2,1,1,1.0,3,1
mis amigos y familiares que viajan s méxico desde estados unidos regresan sin ninguna novedad sanos y sin razguños y con mucha mercancía mexicana,turismo,3,4,5,4.0,2,4
lastima que en méxico es un país muy inseguro para los turistas,turismo,2,2,1,1.0,2,1
pues uno de los atractivo turístico de mexico es la gente por que somos cotorros amables divertidos si no no van a tener la experiencia completa,turismo,3,4,5,4.0,2,4
como cuando te llevan de comer al sótano para que no salgas y avergüences a la familia,turismo,2,1,1,1.0,3,1
el peso de la copa,turismo,3,3,3,2.0,3,3
déjame adivinar es otra frase sacada de contexto verdad,turismo,3,3,3,1.0,3,3
solo entendí que quiere ptzs,turismo,3,3,3,1.0,3,3
ps tiene un punto si todos salen imagínate el desastre que causaría la hora pico,turismo,2,2,3,2.0,3,2
quién dijo eso que chsm,turismo,3,3,3,1.0,3,3
no me agrada mucho salir pero nomas por eso me voy a ir a dar la vuelta,turismo,3,3,4,2.0,2,3
no debe haber,turismo,2,3,3,1.0,2,3
que miedo ir a méxico y eso que soy de méxico,turismo,1,1,1,1.0,4,1
ora si yo voy a disfrutar de ellos,turismo,5,3,5,5.0,3,5
que salgamos dice,turismo,2,3,3,1.0,2,3
ana gomez,turismo,3,3,3,2.0,3,3
ojalá que todos lleguen bien de regreso a su país xq aquí en méxico hay magia se desaparece la gente,turismo,2,2,1,1.0,2,1
que no es por eso sí no para no tener un impacto ambiental peorr,turismo,3,3,3,2.0,3,3
concuerdo con ella,turismo,2,3,5,,1,2
y cuantos regresarán salvos a su casas,turismo,2,1,1,1.0,3,1
y mi me darán home office esos dias asi por mi bien,turismo,3,3,3,2.0,3,3
cancelar clases cuando lo mejor es perder clase viendo el partido con amigos al menos yo no lo veía yo me ponía a platicar con mis amigas me da risa,turismo,3,3,3,2.0,3,3
la barredora se está frotando las manos,turismo,3,1,1,1.0,3,1
es como si te dijera no salgas de tu cuarto para que la visita se sienta agusto bro aquí vivimos,turismo,2,1,1,1.0,3,1
hay paises donde suele ser al revez,turismo,3,3,3,3.0,4,3
que salgamos a las calles a manifestarnos dice,turismo,2,2,3,1.0,2,2
sólo me parece bien lo de las escuelas por temas de seguridad a los niños,turismo,2,4,4,4.0,3,4
es encerio es mas importante el mundial,turismo,2,2,1,1.0,2,1
qué manera de dejar de un lado todo lo que estamos pasando,turismo,2,1,1,1.0,3,1
van a ir 5 5 millones y como están las cosas van a regresar 2 7 millones me da risa,turismo,2,2,1,1.0,2,1
perdón cómo esta eso,turismo,3,3,3,1.0,3,3
manifestaciones manifestaciones,turismo,2,3,1,1.0,2,1
entendido que salgamos todos,turismo,3,3,3,1.0,3,3
queeeeee,turismo,3,3,3,1.0,3,3
ya no me parece que cancelaron por la inseguridad y solo será en usa y canadá,turismo,2,3,2,1.0,2,2
okey a hacer marchas entendí perfectamente,turismo,3,3,3,1.0,3,3
y la inseguridad,turismo,2,2,1,1.0,2,1
no no y no,turismo,2,1,1,1.0,3,1
o creo con tanto desorden que hay,turismo,2,2,2,1.0,3,2
me gusta la idea pero solo si se pagan esos dias en los trabajos como dias de vacaciones,turismo,4,2,2,4.0,2,2
a cerrar estadios aunque nos cueste que en méxico nunca haya mundiales,turismo,2,1,1,1.0,3,1
que hagamos fiesta en las calles dice,turismo,3,3,3,1.0,3,3
entonces no van a ir a trabajar todo estará cerrado,turismo,2,2,3,1.0,2,2
yo entendí que durante ese tiempo salga todo el día,turismo,3,3,3,3.0,4,3
para que los roben ya sea los policías o los mismos delicuentes,turismo,1,1,1,1.0,4,1
pon el video o la nota un foto con un escrito como prueba,turismo,3,3,3,3.0,4,3
dice que todos salgamos a manifestarnos,turismo,3,3,3,1.0,3,3
se han dado cuenta que cómo quieres sabotear el pri y el pan los eventos y así todavía creen que alguien va a quererlos tener en la presidencia,turismo,2,1,3,1.0,2,1
a cuántos de ellos los van a por la inseguridad de méxico,turismo,2,1,1,1.0,3,1
los que vayan cuidence mucho por la casa inseguridad,turismo,2,2,1,1.0,2,1
y para cuando lo de carlos manzo,turismo,3,3,3,1.0,3,3
me han dado ganas de turistear mi ciudad con todos mis amigos y familia,turismo,5,5,5,5.0,4,5
mujer,turismo,3,3,3,2.0,3,3
cómo ella pensó que reaccionaríamos todos los mexicanos,turismo,2,3,3,1.0,2,3
y tú regandola,turismo,3,3,3,1.0,3,3
todo aquel que quiera venir nuestro bello méxico todos sean bienvenidos dejen de ver noticias amarillistas y tik tok en todos los países hay inseguridad,turismo,5,4,5,4.0,2,4
que dice helen,turismo,3,3,3,3.0,4,3
me da risa viva morena me da risa me da risa,turismo,2,1,1,1.0,3,1
le preocupa mas el mundial la señora que el país esta mal,turismo,2,2,1,1.0,2,1
nuestra oportunidad para manifestarnos,turismo,2,3,3,1.0,2,3
cuánta lana tubo que soltar o acaso es otra cortina de humo para no aser la marcha el 14 o 15 de noviembre,turismo,2,1,1,1.0,3,1
ps ahora salgo más y con pancartas en mano,turismo,2,4,3,1.0,1,1
cuantos muertos pueden haber,turismo,2,2,3,1.0,2,2
yo solo escuche que salgan,turismo,2,3,3,1.0,2,3
dios quiera y los otros paise se unan y mo vayan muy muy peligroso mexico muchos cuidado,turismo,2,1,2,1.0,2,1
no olvidemos a carlos manzo,turismo,3,3,3,3.0,4,3
pobre de ellos ojalá no los maten,turismo,1,1,1,1.0,4,1
bueno empiece por cancelar las citas en imss,turismo,2,2,1,1.0,2,1
que salgan todos y muestren el hermoso tráfico de la vida diaria,turismo,3,3,1,1.0,2,1
y de que sirve si los impuestos del mundial van a correr por cuenta del pueblo,turismo,2,2,1,1.0,2,1
y ciudad de méxico sin aeropuerto con capacidad para el mundial,turismo,2,2,2,1.0,3,2
que hagamos de las nuestras dice,turismo,3,3,3,1.0,3,3
méxico,turismo,3,3,3,3.0,4,3
me da risa suerte con las empresas que hacen producción,turismo,2,3,2,1.0,2,2
jajajja me sentí como bebé paloma escondido por que le avergüenzo a mis padres jsjsjsjs,turismo,2,3,3,1.0,2,3
nunca le digas a una persona que hacer porque siempre hará lo contrario y peor,turismo,2,3,3,1.0,2,3
que muero ir a méxico,turismo,5,4,5,5.0,3,5
sorry nosotros no iremos,turismo,3,3,2,1.0,2,3
visitantes se escribe con m de mujer,turismo,3,3,3,3.0,4,3
y el aero puerto de san miguel allende,turismo,3,3,3,,3,3
por 3 pinches partidos,turismo,2,2,1,1.0,2,1
a bueno si ellos nos van un cheque de 100 000 pues no salgo para que no vallamos a trabajar y nos paguen las renta el agua la luz comida,turismo,2,2,3,1.0,2,2
si no salgo de mi casa como crees que le voy hacer para probar el producto extranjero,turismo,3,2,3,1.0,2,3
y la seguridad dónde quedó,turismo,2,2,1,1.0,2,1
habló el experto,turismo,3,3,1,3.0,3,3
y cuantos de esos volverán ah sus hogares,turismo,2,3,3,1.0,2,3
es que no van a terminar los arreglos del transporte a tiempo y no vamos a caber en los rtp metro ni mexibús,turismo,2,2,2,1.0,3,2
ya cancelaron el mundial para mexico ya esta confirmado los partidos seran en estados unidos y canada en mexico no ay seguridad,turismo,2,1,1,1.0,3,1
que miedo ir a mexico es uno de los países mas peligrosos de latinoamerica,turismo,2,1,1,1.0,3,1
ara eso si ahí dinero pero para proteger al pueblo ni madre dice,turismo,2,1,1,1.0,3,1
suban la información bien si lo dijo por escrito suban las capturas si lo dijo en un en vivo suban la parte del en vivo si van a informar informen bien,turismo,3,2,3,3.0,3,3
yo no iba a salir pero ahora me veo en la necesidad de salir esos días,turismo,3,2,2,2.0,3,2
no hay que ser groseros me dice mi mamá que cuando haya visita tengo que salir a saludar,turismo,3,3,3,3.0,4,3
si no te cancelan el mundial,turismo,2,3,1,1.0,2,1
como tal no digo eso pero lo peor es que si lo da a entender,turismo,2,2,3,2.0,3,2
cómo e dicho no porque sean de morena quiere decir que son buenos políticos eso hubiera pesando antes de el mundial como solucionar ese problema,turismo,3,2,2,1.0,2,2
awuiwi quiero ver manifestantes es la más perfecta ocación,turismo,2,3,1,,1,1
así hubiera invertido en los hospitales,turismo,2,2,2,1.0,3,2
jajajkaja neta no es rage bait,turismo,3,3,3,1.0,3,3
revocación de mandato,turismo,2,1,1,1.0,3,1
y que tal si mejor renuncia,turismo,2,1,1,1.0,3,1
que una manifestación dice,turismo,3,3,3,3.0,4,3
no me gusta me da risa,turismo,2,1,1,1.0,3,1
todo por eso tlaloc hará lo suyo lluviaaaa,turismo,3,3,1,1.0,2,1
fifa ojooo méxico está super insegurooo,turismo,2,2,1,1.0,2,1
ablan de todo menos de carlos manzo,turismo,2,3,3,1.0,2,3
no ma no que iban a suspender neta que vergüenza,turismo,2,2,1,1.0,2,1
tenía que ser,turismo,3,3,3,3.0,4,3
la policía se frota las manos de imaginarse,turismo,1,1,1,1.0,4,1
que quiere que agamos manifestaciones,turismo,2,3,3,1.0,2,3
me da risa qué mmada me da risa,turismo,1,1,1,1.0,4,1
la cancion de la carencia de panteón rococo fue lo único que se me vino a la cabeza al leer esto,turismo,2,3,1,1.0,2,1
manifestación,turismo,3,3,3,1.0,3,3
en jalisco van a suspender clases para que no haya tanta gente en la calle,turismo,3,3,3,1.0,3,3
y crees claudia que deja mas dinero un mundial que todo inmigrante mandando dinero a mexico y visitando a nuestros pueblos ciudades y ranchos año con año claro si trabajaras en mejorar la seguridad del pais primeramente,turismo,2,2,1,1.0,2,1
turistanovengasamexicoportuseguridad,turismo,3,3,1,1.0,2,1
que salgamos dice,turismo,2,3,3,1.0,2,3
oigan tienes razón hay que hacerlo así que los vendedores ambulantes los que venden los tacos los que venden en turismo todo lo que tenga que ver con trabajos sin importar que nos vamos a hacer esos ya sin trabajo así que los turistas pueden explorar pero lástima no se podrán llevar recuerdos porque nadie va a trabajar esos días ni los que venden para los turistas pero qué se les puede hacer hay que respetar porque es buena idea,turismo,3,2,2,4.0,2,2
cuba,turismo,3,3,3,2.0,3,3
ojalá cancelen la fifa a menos de que hagan algo con su narco gobierno,turismo,1,1,1,1.0,4,1
300dlls al día y hablamos,turismo,3,3,1,1.0,2,1
me da risa,turismo,2,3,1,3.0,2,3
a webo las nuevas soluciones bienestar,turismo,5,3,5,,2,5
ya los conto,turismo,3,3,3,1.0,3,3
mil veces aldita claudia,turismo,5,3,5,1.0,2,5
que dijo que salgamos todos para que nos vean los turistas jajajajaa,turismo,2,1,1,1.0,3,1
si me dan para ir de vacaciones yo con gusto me largo los días para los que me alcancen,turismo,3,3,3,2.0,3,3
no gracias,turismo,3,3,1,1.0,2,1
si tan solo hubiera empezado el aeropuerto de peñas nieto otra casa sería,turismo,2,1,2,1.0,2,1
que nos manifestamos dice,turismo,2,3,3,3.0,3,3
como le van a hacer para darle servicios el aeropuerto apenas puede mover a los locales,turismo,2,2,2,1.0,3,2
y quién va a poner el ambiente,turismo,3,3,3,1.0,3,3
para todos los que dicen que la inseguridad pues de una vez les informo que ya todo está en carpetas de investigación asi que no se preocupen y para el mundial habrá un chingo de seguridad lo que jamás en años se ha visto ya lo verán para ese día méxico será diferente solo en lo que pasa el mundial ja,turismo,2,5,1,1.0,2,1
cuantos turistas ya no regresarán a sus países así como está la inseguridad en méxico,turismo,2,2,1,1.0,2,1
km mexicano no me gusta q compartamos mundial con eu y canadá me parece injusto siempre a sido d un solo país los mundiales q poca m,turismo,2,2,1,2.0,3,2
esta mujer s ve enferma se ve que no ha dormido,turismo,3,3,3,2.0,3,3
creo que no es la persona indicada para decir eso,turismo,3,3,2,2.0,2,2
sino nos pueden cuidar a nosotros menos los turistas,turismo,2,2,1,1.0,2,1
ni de loco voy a méxico,turismo,2,1,1,1.0,3,1
mi mamá diciéndome que no salga de mi cuarto cuando hay visitas,turismo,3,3,3,1.0,3,3
lo tomaré pero me ofende muchísimo y por que no dejarlo así después del mundial,turismo,2,2,2,1.0,3,2
que valor de los turistas,turismo,3,3,5,1.0,2,3
justanorangecat hake406 gámez u u muffintime,turismo,3,3,3,2.0,3,3
me da risa para decir en mi trabajo que me dieron permiso de faltar,turismo,2,3,3,1.0,2,3
de por sí ya es un caos la cdmx,turismo,2,2,1,1.0,2,1
todo muy bonito pero ojalá no sean víctimas del crimen organizado no pueden brindarnos a nosotros seguridad menos a los turistas,turismo,2,2,2,1.0,3,2
que salgamos dice,turismo,2,3,3,1.0,2,3
cómo que me dan ganas de salir en pijama y despeinada todo el día,turismo,2,3,3,1.0,2,3
que hagamos fiesta al lado del mundial dice,turismo,3,3,3,2.0,3,3
más bien salgamos hay que disfrutar de los turistas,turismo,5,4,4,1.0,2,4
yo no quería salir para evitar el tráfico ahora tendré que salir,turismo,2,2,1,1.0,2,1
no salgan de sus casas para que no asusten a los turistas faltó decir,turismo,2,1,1,1.0,3,1
ya quiero ver a esos futbolistas,turismo,5,3,5,4.0,2,5
cómo que suspender clases en mi niñez el maestro nos puso a ver el partido en el salón de clase,turismo,3,3,3,3.0,4,3
pobr3s turistas que no volverán asus países en un país peligroso que se le ocurrió hacer mundial a fifa,turismo,2,1,1,1.0,3,1
que salgamos entendí,turismo,3,3,3,1.0,3,3
yo tengo otra idea,turismo,3,3,3,3.0,4,3
wuuaaaooo excelente,turismo,5,5,5,5.0,4,5
wey me da risa hace meses estada asiendo burlas de eso con mi familia y ahora resulta que se hizo realidad,turismo,2,3,3,2.0,2,2
p,turismo,3,3,3,3.0,4,3
no soy alguien de salir mucho pero ya estuvo que esos días si o si voy a estar en la calle,turismo,3,3,4,4.0,2,3
soy mexicano y ojalá cancelen el mundial en méxico,turismo,1,1,1,1.0,4,1
la marina de estados unidos va a visitar a mexico,turismo,3,3,3,3.0,4,3
detesto el futbol y no me gusta salir pero que les parece si esos días nos organizamos y salimos todos solo por molestar,turismo,2,3,2,1.0,2,2
que quiere una manifestación,turismo,3,3,3,1.0,3,3
mientras me paguen mi salario no hay pex me quedo en mi casa,turismo,3,3,3,1.0,3,3
que quiere manifestaciones dice,turismo,3,3,3,1.0,3,3
se me hace una falta de respeto,turismo,2,2,1,1.0,2,1
cómo sabe que le pago sus viajes o que de dónde saca ese dato,turismo,3,3,3,3.0,4,3
por qué se quejan es una sugerencia aceptable va a ser un maldito caos la ciudad,turismo,2,2,2,1.0,3,2
hay que bendición trabajar desde tu casa bien cómodo,turismo,3,3,3,2.0,3,3
pobres turistas van a venir con un chingo de miedo ya que morena está con la delincuencia,turismo,2,2,1,1.0,2,1
está horrible viajar en méxico el tráfico está horrible y la inseguridad,turismo,2,1,1,1.0,3,1
hay que sabotear el mundial,turismo,1,1,1,1.0,4,1
demasiado peligroso yo jamás viajo a méxico aunque me encanta mucho el paiz pero muy peligroso,turismo,2,1,1,1.0,3,1
si me dan el día en mi trabajo va,turismo,3,3,3,1.0,3,3
cómo que me dan ganas de viajar a cdmx ese día,turismo,5,4,3,4.0,2,4
mi humilde opinión,turismo,3,3,3,3.0,4,3
clara brugada,turismo,3,3,3,2.0,3,3
osea vamos a salir,turismo,3,3,3,1.0,3,3
si me pagan esos días con gusto no salgo ni a tomar la luz del sol,turismo,4,5,3,1.0,1,1
ahí que salir solo molestar quien está conmigo,turismo,3,3,3,1.0,3,3
en verdad está sra está de jefa de gobierno,turismo,3,1,1,1.0,3,1
acuerden va aver secuestros también con esta presidenta,turismo,2,1,1,1.0,3,1
si me dan 500 000pesos y uno taquitos de pastor lo ago con gusto,turismo,3,3,1,1.0,2,1
es broma verdad,turismo,2,3,1,3.0,2,3
entonces los comerciantes guías turísticos restaurantes hoteles y demás no abran y disfrute su día en casita me gusta,turismo,2,3,1,1.0,2,1
que miedo ir al mundial a méxico,turismo,2,2,1,1.0,2,1
god bless mexico,turismo,5,3,5,5.0,3,5
como si estan cerrados los aeropuertos,turismo,2,3,1,1.0,2,1
ni mi casi nada me ocultó así,turismo,2,3,3,1.0,2,3
es broma verdad,turismo,2,3,1,3.0,2,3
pues usted no me manda,turismo,3,3,3,1.0,3,3
cosas que nunca dijo,turismo,2,3,3,1.0,2,3
a caray y quién nos va a mantener,turismo,2,2,1,1.0,2,1
yo creo que ya no vendrá nadie,turismo,2,2,2,1.0,3,2
soy de guadalajara y me da vergüenza de cómo está de sucia la ciudad sobretodo en zonas como la americana y zona centro quitaron los botes de basura según porque ya no les pagaron la concesión alguien sabe algo de esto,turismo,2,1,1,1.0,3,1
cuantos vuelos va a recibir el aifa,turismo,3,3,3,3.0,4,3
oilaaaaaa,turismo,3,3,3,2.0,3,3
no es mala onda pero va haber un robadero y ahí la gárgola se va hacer la que no sabe como es su costumbre,turismo,2,2,1,1.0,2,1
hay q salir todos,turismo,3,3,3,1.0,3,3
será el mejor mundial y el pais muy hermoso,turismo,5,5,5,5.0,4,5
a ver si no los desviven,turismo,2,3,2,1.0,2,2
pero hay que salir a ligar,turismo,3,3,3,2.0,3,3
todos saliendo a las calles,turismo,3,3,3,1.0,3,3
que smosh en la plaza dice,turismo,3,3,3,2.0,3,3
oscar ceh,turismo,3,3,3,2.0,3,3
si y van a mirar el desmadre que tiene méxico y aver si no se los levantan,turismo,2,2,1,1.0,2,1
que salgamos dice,turismo,2,3,3,1.0,2,3
a si como está la seguridad no creo,turismo,2,2,2,1.0,3,2
pero si solo habrá 13 paridos y varía de local de méxico dudo mucho con todo respeto que haya más de 1 millón de personas,turismo,3,3,2,2.0,2,2
y la inseguridad,turismo,2,2,1,1.0,2,1
habiendo cosas más importantes se pone a hablar de pendejadas fuera morena,turismo,2,2,1,1.0,2,1
ni mi mamá se avergüenza tanto de mi,turismo,1,3,1,1.0,3,1
soy de la cdmx pero la verdad que ni vengan esta mujer debería ver mejor la seguridad de mi país antes de todo si es una basura de seguridad,turismo,1,1,1,1.0,4,1
iban a venir,turismo,3,3,3,3.0,4,3
ya lo dijo fox cenas y te vas,turismo,2,1,1,1.0,3,1
y a esos también los va a desaparecer,turismo,2,3,1,1.0,2,1
que nos manifestamos va,turismo,2,3,1,1.0,2,1
como que ya me dieron ganas de trabajar e ir a la oficina esos días y lo mejor está a la vuelta del estadio,turismo,4,4,4,1.0,3,4
que salgamos diceee,turismo,3,3,5,1.0,2,3
2 de octubre no se olvida,turismo,3,3,3,1.0,3,3
y usted cree que la gente va a ir después de todo lo que está pasando en méxico,turismo,2,2,2,1.0,3,2
dice que hagamos manifestaciones,turismo,2,3,3,1.0,2,3
ni iba a salir porque que hueva y que oso el fútbol pero adivina qué mi ciela,turismo,3,3,3,1.0,3,3
de miedo de los narcos yo no iría ni aconsejo que vaya nadie con ese narcogobierno y corruptos,turismo,1,1,1,1.0,4,1
ya lo canceló fifa se va para canadá oh eeuu,turismo,2,2,3,1.0,2,2
queeeeee carajos ay que salir más y aser ver al mexicano que somos viva méxico lindo,turismo,5,4,5,5.0,3,5
televisa he hechara a perder con sus jugadores el evento ya se sabe,turismo,2,2,1,1.0,2,1
la fifa ya cancelo por mucha inseguridad en méxico,turismo,2,1,1,1.0,3,1
pues por ahí dicen q la fifa ya no quiere ir a méxico,turismo,2,2,3,1.0,2,2
con el simple echo de ver esa calaca ninguna noticia es importante puro circo no me arrepiento de no aver votado por ella,turismo,1,1,1,1.0,4,1
ya saben si vuelven a votar por una mujer,turismo,3,3,3,1.0,3,3
no sería mejor reparar el metro para que todas las líneas y las unidades estén en funcionamiento,turismo,2,2,2,1.0,3,2
yo tengo una mejor y si todos los locales se cierran,turismo,2,2,2,1.0,3,2
mate eso nunca pasó,turismo,3,3,3,1.0,3,3
chin tiene que hacer un fuerte gasto para el mundial ojalá que con eso se pueda recuperar la bolsa,turismo,2,4,3,2.0,2,2
mejor invertir en las carreteras de los pueblos,turismo,2,2,2,1.0,3,2
teotihuacán 20 de abril dando una buena imagen a los turistas,turismo,5,4,5,4.0,2,4
me da risa que los trabajadores tampoco salgan para que los turistas disfruten,turismo,2,2,1,1.0,2,1
lo más gracioso que dijo qué vara movilizar en transporte público o a los turistas,turismo,2,2,1,1.0,2,1
claro meto a mi cuarto de servicio en lo que los invitados andan en mi casa,turismo,3,1,1,1.0,3,1
ahora resulta que ni en mi propio país me quieren,turismo,1,2,1,1.0,3,1
a cómo está la inseguridad no creo que lleguen,turismo,2,2,2,1.0,3,2
no lo dijo exactamente con esas palabras pero es lo que dió a entender,turismo,3,3,3,2.0,3,3
es familiar de la que dice que si no pueden comprar gasolina premium que compren la magna,turismo,2,1,3,1.0,2,1
y no le da vergüenza tanta inseguridad,turismo,2,1,1,1.0,3,1
si me pagan con gusto no salgo es más ni abro las ventanas oh pero que no me lo quiten de mis días de descanso oh y que me den mi despensa por qué no como aire,turismo,2,3,1,1.0,2,1
con la inseguridad no creo,turismo,2,2,2,1.0,3,2
hoy solo se habla de fudbol,turismo,3,3,3,3.0,4,3
ya un político habla de eso esas noticias son para canales de noticias,turismo,3,3,3,1.0,3,3
uuufffff que complicado si en méxico desgraciadamente la inseguridad es el tema más importante,turismo,2,2,1,1.0,2,1
y luego a mty,turismo,3,3,3,1.0,3,3
soluciones del bienestar,turismo,3,3,3,3.0,4,3
uyyy los meros estados q goviernan los malillos cuidadooo cuidadooo,turismo,2,1,1,1.0,3,1
deberiamos de evitar que el mundial lo hagan aqui como manifestacion a su asqueroso gobierno a la inseguridad a la corrupción a la falta de medicamentos si no puede cumplirle ni a los mexicanos en materia de seguridad que les espera a los extranjeros,turismo,1,1,1,1.0,4,1
a vaya en nuestro país ya no vamos a poder salir,turismo,2,2,1,1.0,2,1
clara brugada,turismo,3,3,3,2.0,3,3
y para que si la seguridad del país está mal y aparte los policías solo los van a infracciones por cualquier cosa no ai tolerancia de nada ojalá no venga nadie el trafico horrible hoteles caros con toda la reducción de carriles nunca llegarán a los partidos,turismo,2,1,1,1.0,3,1
es es el problema dar una buena impresión de méxico eso significa que no damos buena impresión la pregunta es que ha hecho el gobierno para cambiar eso,turismo,2,2,2,1.0,3,2
ya se dijo se suspende el mundial 2026 por ser una pais muy inseguro sera en eeuu el mundial,turismo,2,1,1,1.0,3,1
la neta nose porque mexico se sigue estando en el top paises mas visitados del mundo y vienen literal de europa y varias partes del mundo segun estatisticas apesar de saber lo inseguro que es siguen yendo,turismo,3,3,3,2.0,3,3
ahora de puro coraje saldré el día del mundial,turismo,5,2,1,4.0,1,1
pero si mis papás me obligaban a salir de mi cuarto para saludar a la visita,turismo,3,3,2,1.0,2,3
creo que no entendieron me da risa aparte es el punto de vista estuve viendo más no investigando se dice que esto se hizo por el impacto ambiental además de que ya está tan bien jodida la cdmx lo quieren aprovechar para visibilizar más lugares del país por lo que sería más un dispersar el turísmo por todo el país e impulsar la economía local si no me equivoco si me equivoqué discúlpenme y los invito a investigar y corregirme,turismo,3,4,3,4.0,2,3
será una cortina de humo,turismo,2,2,1,1.0,2,1
para los turistas si va ver mucha vigilancia y para los mexicanos que sigue la inseguridad,turismo,2,2,2,2.0,4,2
mientras me den unos 1500 diarios qué es lo que gano al día no salgo ni a la esquina,turismo,3,2,3,1.0,2,3
que molestemos a los turistas dice,turismo,2,3,1,1.0,2,1
y por eso es que está viendo de dónde sacar dinero subiendo impuestos poniendo impuestos nuevos dejando a la salud sin medicamentos pero falta que la fifa quiera por la violencia que hay en méxico,turismo,2,1,1,1.0,3,1
pobres que le piensen para venir uno como quiera,turismo,2,3,2,1.0,2,2
no creo,turismo,3,3,2,3.0,3,3
naa a ese narcoestado no señor,turismo,1,1,1,1.0,4,1
méxico no es seguro,turismo,2,2,1,1.0,2,1
todos hay que salir a manifestarnos de todas las cosas malas que hay en méxico,turismo,1,2,1,1.0,3,1
y si mejoran la infraestructura de la ciudad y si mejoran los caminos y si mejoran el transporte público y si ponen primero a peatones y ciclistas en vez de los vehículos ahora la culpa es de nosotros,turismo,2,2,1,2.0,3,2
que lo cancelen no queremos futbol queremos seguridad en todo mexico,turismo,1,1,1,1.0,4,1
vamos todos a hacer manifestación por todos lados,turismo,2,2,1,1.0,2,1
y dónde madres los vas a meter si no puedes con el caos del periférico,turismo,2,2,2,1.0,3,2
que van a cerrar reforma que que,turismo,3,3,3,2.0,3,3
mexico mejor que nunca solo claudia sheinbaum,turismo,5,5,5,1.0,3,5
el aifa,turismo,3,3,3,2.0,3,3
estás segura,turismo,3,3,3,,3,3
se va a quedar con las ganas de ver eso,turismo,2,3,2,1.0,2,2
ni mi ex se avergonzó tanto de mí,turismo,1,3,1,1.0,3,1
uno con gusto la cosa es si mi trabajo lo vea así me da risa,turismo,3,2,3,1.0,2,3
inversión para quien mejor invierte en la ceguridad y gente te gastas menos,turismo,2,2,2,1.0,3,2
qué maravilla los locales encerrados para que los turistas tengan la ciudad sola alguien le explica que esto no es un parque temático,turismo,2,1,1,1.0,3,1
que no salgan todo el año mejor,turismo,2,2,2,1.0,3,2
que me pague el día en el trabajo y no salgo ni a la esquina,turismo,2,2,3,1.0,2,2
que saturemos la ciudad como si fuera hora pico,turismo,2,2,2,1.0,3,2
carlos manzo,turismo,3,3,3,3.0,4,3
para que los regales a tus chairos,turismo,1,1,1,1.0,4,1
ocupó 5 personas para agarrar unos 3 árabes salimos de pobres por qué salimos,turismo,2,1,1,1.0,3,1
ahorita con lo que está pasando lo dudo,turismo,2,2,2,1.0,3,2
yo escuché que cierren las vías principales,turismo,2,3,3,1.0,2,3
mejor le hubieran puesto aeropuerto maximiliano de habsburgo o aeropuerto emperatriz carlota,turismo,3,3,3,1.0,3,3
vivo en méxico y tengo miedo de salir me da risa,turismo,2,1,1,1.0,3,1
no comenten nada porqe les abre una,turismo,3,3,3,1.0,3,3
cortina de humo por lo de carlos manzo,turismo,2,1,1,1.0,3,1
no cabe duda que estos gobernantes son un meme sin sentido,turismo,1,1,1,1.0,4,1
creo no se hará ya,turismo,2,3,2,1.0,2,2
buena idea mala explicación de ella,turismo,2,2,2,2.0,4,2
por eso urge tapar la inseguridad,turismo,2,2,2,1.0,3,2
no creo la fifa ya lo cánselo porque que tu gobierno está manchando de sangre claudia,turismo,1,1,1,1.0,4,1
terror ir a méxico,turismo,1,1,1,1.0,4,1
jajajajaj,turismo,3,3,3,3.0,4,3
que,turismo,3,3,3,3.0,4,3
ya ni mi ex cuando m presumio en cf,turismo,3,3,3,1.0,3,3
uy sí se ve bien orgullosa para el mundial claro que hay remodelación ahí sí todo es rapidísimo pero para los mexicanos que llevan años pidiendo mejoras nada baches inseguridad policías corruptos y todavía lo presume como si fuera un logro enorme,turismo,2,1,1,1.0,3,1
yo estoy de acuerdo que los que trabajan en gobierno no salgan de sus casas para que no nos dejen en ridículo y los turistas disfruten,turismo,2,1,1,1.0,3,1
no creoooooo,turismo,3,3,2,1.0,2,3
aún país lleno de violencia,turismo,2,2,1,1.0,2,1
no puede con los del pais podra con visitas,turismo,2,3,2,2.0,3,2
ojalá y lo cancelen,turismo,2,1,1,1.0,3,1
como que me dieron ganas de salir de mi casa,turismo,3,2,4,1.0,1,1
y la ciudad está hecha una cochinada,turismo,1,1,1,1.0,4,1
noo y todas las cosas que pasan como lo de teotihuacan no dan una mala imagen de como está el país,turismo,2,2,1,1.0,2,1
para 10 partidos,turismo,3,3,3,3.0,4,3
si la fifa está considerando quitarle la cede por la inseguridad me da risa que se puso a hablar,turismo,2,1,1,1.0,3,1
yo no iria mucha insegudad,turismo,3,2,2,1.0,2,2
mejor lo veo aquí en canadá,turismo,3,3,2,1.0,2,3
depende si me pagan ni me asomo fuera de mi casa,turismo,2,3,2,1.0,2,2
no la chinguen ajjsjsjs,turismo,2,3,1,1.0,2,1
soy de perú,turismo,3,3,3,3.0,4,3
si me dan home por mi bien pero que sea todo el año alv,turismo,3,2,3,2.0,2,2
ni me gusta el fútbol pero por mis ovarios qué esos días afuera voy a estar,turismo,3,3,3,4.0,3,3
q me pague y no salgo,turismo,2,3,3,1.0,2,3
que vergüenza que se descarrile el tren,turismo,2,1,1,1.0,3,1
que nos espera a todo allá bueno,turismo,3,4,3,1.0,2,3
cuando no sabes lo que es trabajar y solo estirar la mano,turismo,2,1,1,1.0,3,1
a quien se le ocurrió esa brillante idea,turismo,3,2,1,1.0,2,1
no por qué se desaparecen me da risa,turismo,2,1,1,1.0,3,1
nunca voy para la cdmx pero como que se me antojo ir a hacer una protesta justo por esos días del mundial,turismo,2,2,1,1.0,2,1
ojalá y no se haga de chidos,turismo,2,3,2,1.0,2,2
ahora con mas razón voy a salir,turismo,3,3,3,1.0,3,3
pero no abra balazos ose abrirá una investigación,turismo,2,3,2,1.0,2,2
demuestren su talento chicooos,turismo,5,3,5,,2,5
si fifa no pago impuestos que no vengan,turismo,2,1,2,1.0,2,1
pero los vuelos para bajar a cdmx en los dos están muy caros para bajar desde tijuana yo compre a morelia m salio la mitad q iva a pagar de 5000 a 2200,turismo,3,3,3,3.0,4,3
que salgamos todos dicen,turismo,2,3,3,1.0,2,3
ya los contó o que,turismo,3,3,3,1.0,3,3
no creoooooo,turismo,3,3,2,1.0,2,3
ahora más escándalo habrá y tendrá que soportar,turismo,2,1,1,1.0,3,1
su aeropuerto isra que ni las pulgas se paran alla,turismo,2,1,1,1.0,3,1
ni gratis me voy a méxico,turismo,2,1,1,1.0,3,1
full vergüenza que vengan y vean todo el desmadre que hay en méxico,turismo,1,1,1,1.0,4,1
iban a ir,turismo,3,3,3,3.0,4,3
espera qué,turismo,3,3,3,1.0,3,3
nos van a dar algo por no salir porfirio díaz daba pulque ustedes que ofrecen,turismo,2,1,1,1.0,3,1
ya dijeron chicos manifestación durante todo el mundial,turismo,2,3,3,1.0,2,3
paso 5 5 millones de turistas robados se irán ya tanto los policías tránsitos y delincuencia organizada se están preparando más q nadie para recibirlos,turismo,1,1,1,1.0,4,1
to de por sí no salgo,turismo,2,3,1,1.0,2,1
hay weyyyyy,turismo,3,3,3,2.0,3,3
yo ni caso le voy a hacer,turismo,2,3,2,1.0,2,2
jajajaj que que dijoooo que saliéramos todo el dia va,turismo,2,3,1,1.0,2,1
haber cuántos regresan a sus casas,turismo,3,3,3,3.0,4,3
y de los 5 millones a cuantos van a desaparecer,turismo,1,1,1,1.0,4,1
manifestaciones,turismo,3,3,3,1.0,3,3
no vengan hagan caso antes de que lo lamenten,turismo,2,2,1,1.0,2,1
ya escucharon comerciantes y comercios no salgan de sus casas no habrán sus restaurantes no salgan a vender elotes no salgan a dar servicios no hay que molestar para nada a los turistas,turismo,2,2,1,1.0,2,1
no queremos mundial queremos seguridad y justicia,turismo,1,1,1,1.0,4,1
que me van a pagar esos días o que,turismo,3,3,3,1.0,3,3
no pudo brindarle seguridad a 1 y ya va quererle ofrece seguridad a todos ellos me da risa,turismo,2,1,1,1.0,3,1
no pensaba salir pero ahora me lo tome personal,turismo,3,3,1,1.0,2,1
a cerrar estadios,turismo,2,3,1,1.0,2,1
que salgamos todos dice me da risa,turismo,2,3,1,1.0,2,1
a mi no me gusta salir pero solo por eso voy a salir justo cuando sea el mundial,turismo,3,4,4,4.0,3,4
lo siento mi distinguida presidenta ya el mundial no se llevará a cabo en méxico todo gracias a la inseguridad me imagino que ya tiene una carpeta de investigación,turismo,1,1,1,1.0,4,1
es chiste verdad,turismo,2,3,1,1.0,2,1
y de a cómo estamos hablando,turismo,3,3,3,1.0,3,3
mejor iré a usa a verlo,turismo,2,3,2,1.0,2,2
y de que sirve si no pagarán impuestos y nosotros seguimos pagando ojalá y no vengan y se cancelen los partidos de méxico,turismo,2,1,1,1.0,3,1
ok paguen los días de trabajo que no podemos salir y me quedo en mi casa la vd,turismo,2,2,1,1.0,2,1
todos a la calle ese día por favor,turismo,1,3,3,1.0,2,1
no qe la fifa lo había cancelado,turismo,3,3,3,3.0,4,3
méxico quiere a morena fuera,turismo,1,1,1,1.0,4,1
si señora pero no es gracias a morena el mundial no es gracias a morenaaa,turismo,2,2,1,1.0,2,1
y le da orgullo tener al pais como lo tiene para que lo vean 5 5 millones me da risa esa ruk no tiene vergüenza,turismo,2,1,1,1.0,3,1
y si nos manifestamos,turismo,2,3,3,1.0,2,3
les juro que yo no voté por esa señora sabía que durante los 9 años que gobernó iztapalapa hizo un desastre,turismo,2,1,1,1.0,3,1
simon que depósiten y se cumple,turismo,5,3,5,1.0,2,5
si tienen la oportunidad de venir a méxico desaprovechenla está bien clera,turismo,2,1,1,1.0,3,1
ojala se cancele,turismo,2,1,1,1.0,3,1
ni que fuera pandemia,turismo,2,3,1,1.0,2,1
me dieron ganas de salir mucho en junio,turismo,5,4,4,3.0,2,4
ya la contajio claudia,turismo,3,3,3,,3,3
que salgamos todos dicen,turismo,3,3,3,1.0,3,3
todo el dinero que van a bajarle a los turistas,turismo,2,4,5,1.0,1,1
me iba a quedar en mi casa pero creo que ahora tengo que hacer planes con mis amigos,turismo,4,3,3,4.0,2,3
el mismo gobierno se avergüenza de sus ciudadanos pero no del dinero que sale de sus carteras mira nada más cuando el turista vale más que el local,turismo,1,1,1,1.0,4,1
revocación de mandato presirvienta buena para nada,turismo,2,2,1,1.0,2,1
siento que decir eso solo va hacer que salgan más me da risa,turismo,2,2,3,1.0,2,2
manifestación,turismo,3,3,3,1.0,3,3
conmigo no cuenten,turismo,2,3,1,1.0,2,1
jamaaaaaaaas,turismo,2,3,1,1.0,2,1
no es un país ceguro para un evento de esa magnitud,turismo,2,2,1,1.0,2,1
en mty el samuel tambien dijo algo asi,turismo,2,3,3,3.0,3,3
primero que aprenda a usar bien los colores,turismo,3,2,1,1.0,2,1
por q la gente le tienen miedo a méxico las extrangeras teresibimos con a plauso con mariachi y muchos mas,turismo,3,3,3,2.0,3,3
9mil millones de pesos y que pasa con las calles baches mejor que invierta en las calles remodele bulevares,turismo,2,2,2,1.0,3,2
que en paz descansen futuros turistas,turismo,3,1,1,1.0,3,1
por el bien de méxico que 20 de los turistas vean una experiencia narco,turismo,2,1,1,1.0,3,1
a como está el país deverian de tenerle miedo y más con una presidenta como ella,turismo,2,1,1,1.0,3,1
que agamos una marcha dicee,turismo,2,3,1,1.0,2,1
ahora resulta,turismo,3,3,1,1.0,2,1
nadien va ir a tu porquería fifa se mueve a usa,turismo,1,1,1,1.0,4,1
nel que se atoren 2h en el tránsito igual que yo,turismo,2,3,1,2.0,2,2
soy de mexico y la neta no vengan,turismo,2,2,1,1.0,2,1
remodelando con 9 mil millones de pesos cuanto me dura eso como tres vidas presidenta regáleme un millón que le cuesta,turismo,2,1,1,1.0,3,1
que me vale y tengo que ir a trabajar dice,turismo,3,3,1,1.0,2,1
podré negar a mi ex pero jamás le pediría que no salga de su casa,turismo,3,3,3,2.0,3,3
fallen star zzzzzzzz zzzz nox lunaris brandon,turismo,3,3,3,2.0,3,3
yo cuando salga a ver a los turistas,turismo,3,3,3,1.0,3,3
si deja te hago caso morra,turismo,3,3,3,1.0,3,3
por qué no vivo ahí pero por más amante de mi casita que sea salgo,turismo,3,4,3,1.0,2,3
todos a la calle a socializar con la visita,turismo,3,4,4,4.0,3,4
ya se estan alistando los representantes de la criminalidad flako 193 ruabogado los garcias irvin garcía suarez para defender a sus nenes a capa y espada,turismo,2,1,1,1.0,3,1
ok dice que vayamos a la capital a manifestarnos,turismo,3,3,3,1.0,3,3
1968,turismo,3,3,3,2.0,3,3
pues y cuántos regresarán porque pues con tanta desaparición de gente ya no se sabe,turismo,2,1,1,1.0,3,1
que le damos penita dice,turismo,2,3,1,1.0,2,1
que estupidez,turismo,2,1,1,1.0,3,1
claro nadie saldrá ese día,turismo,2,3,1,1.0,2,1
creo que dijo que si hay que salir para disfrutar con los turistas eso dijo,turismo,3,3,3,3.0,4,3
como cuando los dursley ocultaron a harry me da risa,turismo,2,3,3,1.0,2,3
quiere un paro laboral y manifestaciones masivas dice,turismo,2,2,1,1.0,2,1
ni mi papá intentó negarme tanto,turismo,3,3,1,1.0,2,1
hojala y estén preparados para dar buenservicio,turismo,2,4,4,4.0,3,4
que me paseé en la troka con el audio de la llorona a las 3 de la mañana ok,turismo,2,3,3,1.0,2,3
y así como nos dejan cargar en los aeropuertos,turismo,2,2,3,1.0,2,2
no queremos mundial queremos seguridad queremos revocacion de mandato,turismo,1,1,1,1.0,4,1
todos salimos en pijama me da risa,turismo,3,3,1,2.0,2,3
ponte a trabajar las calles de la ciudad de méxico y bueno no se diga el estado de méxico están de la muy malo,turismo,2,2,1,1.0,2,1
si pero primero esta la seguridad,turismo,2,2,2,2.0,4,2
ajá,turismo,3,3,3,3.0,4,3
que hagamos mega salidas dice todos afuera del estadio banorte dice,turismo,3,3,3,1.0,3,3
si nos piden que salgamos pues salimos,turismo,3,3,3,1.0,3,3
evento para hacer a los ricos más ricos y a los pobres más pobres,turismo,1,1,1,1.0,4,1
hagan manifestaciones esos dias jajajajajajajaua,turismo,2,1,1,1.0,3,1
a como están las cosas la vrdd deberían cambiar mejor todos los partidos a eu aunque nos duela a nosotros los mexas la vrdd hay una inseguridad muy grande y los turistas pueden apeligrar entre ellos niños me entristece,turismo,2,1,1,1.0,3,1
no tengo pedos de hacer home,turismo,3,3,3,2.0,3,3
eso dijo paola suárez,turismo,3,3,3,3.0,4,3
ya esta listo messi hay que estar a prevenidos pa cualquier cosa,turismo,3,3,3,3.0,4,3
si eso significa home office por mi fabuloso,turismo,3,3,3,1.0,3,3
no dijo eso pidió apoyo a los empresarios para que los trabajadores de oficina pudieran trabajar desde casa y disminuir el tráfico en el mundial,turismo,3,4,3,4.0,2,3
atención méxico este 06 de diciembre 9 00 am arranca la gran marcha a favor de claudia sheinbaum del ángel de la independencia al zócalo que todo el país se entere la 4t está más viva que nunca copia pega y comparte vas a estar en la marcha o solo viendo los videos en tiktok,turismo,3,3,5,3.0,3,3
me da risa y pensar w le pagan por decir esas cosas,turismo,2,1,1,1.0,3,1
y que secustren a leonel messi o ronaldo se va armar la guerra,turismo,3,3,3,1.0,3,3
yo quisiera ir mas pero con la inseguridad se piensa dos veces,turismo,2,2,2,2.0,4,2
no sé quién voto por ella,turismo,2,2,3,3.0,2,2
ud no salga que los va a espantar,turismo,2,3,1,1.0,2,1
por qué con ese dinero no arreglaron hospitales que están por caer,turismo,2,2,1,1.0,2,1
de repente me dieron ganas de salir,turismo,3,3,3,1.0,3,3
hablar de seguridad hablar de fútbol,turismo,3,3,1,1.0,2,1
no que se cancelaba los de mexico,turismo,2,3,3,1.0,2,3
otra clara burrada,turismo,2,1,1,1.0,3,1
fifa noooooo,turismo,2,3,1,1.0,2,1
ora pues si vamos a salir y hasta más,turismo,3,5,5,1.0,2,5
que hagamos desfile dice,turismo,3,3,1,1.0,2,1
que nosotros somos el atractivo,turismo,3,3,3,1.0,3,3
ok que salgamos pues,turismo,3,3,3,1.0,3,3
y que vas a hacer con todo ese dinero,turismo,3,3,3,1.0,3,3
y de los baches después hablamos verdad,turismo,2,2,1,1.0,2,1
con la inseguridad que ahy es un miedo venir a mexico,turismo,2,1,1,1.0,3,1
pues suena bien que las personas que puedan hacer home office lo hagan y así reducen el tráfico eso no solo beneficiaria a los turistas también a los que trabajan en oficios que no son administrativos,turismo,3,4,4,4.0,3,4
que nos vayamos a manifestar dice,turismo,2,2,3,1.0,2,2
pues no tenía ganas hasta que ví esto,turismo,4,3,3,4.0,2,3
queeee,turismo,3,3,3,1.0,3,3
y cuanto vas a invertir para la seguridad de uruapan,turismo,2,2,3,1.0,2,2
jajajajajajajajajajajajajaj,turismo,3,3,3,,3,3
cancela el mundial o lo vamos a echar a perder,turismo,1,1,1,1.0,4,1
wao que me gusta,turismo,5,5,5,5.0,4,5
siento que la jefa de gobierno fue la cabeza de estás decisiones porque si la presidenta lo decía iba a ser muy obvio y la situacion sería más familiarmente sospechosa,turismo,3,3,3,1.0,3,3
ojalá no valla nadien,turismo,2,1,1,1.0,3,1
solo de apariencias se vive cuando se acabe todo triste realidad,turismo,2,2,1,1.0,2,1
ay bebé que crees me están dando hartas ganas de salir durante el mundial no más para estorbar e incomodar me da risa,turismo,2,2,1,1.0,2,1
solo al verla,turismo,3,3,3,3.0,4,3
y pues se cancelo que paso presidente,turismo,2,2,3,1.0,2,2
todo bien y no dijo nada de la inseguridad que tendrán los turistas,turismo,2,2,2,1.0,3,2
cómo no soy de la ciudad soy turista no,turismo,3,3,3,3.0,4,3
yahahahaahhaa,turismo,3,3,3,2.0,3,3
ya claudia con un méxico inseguro es mejor los que nos vienen a visitar que mi venga a méxico es duro la inseguridad,turismo,2,1,1,1.0,3,1
allá nos vemos clarita,turismo,3,3,3,2.0,3,3
nadie quedra ir al aifa alch,turismo,2,3,2,1.0,2,2
que que los turistas vivan lo que es el metro en hora pico,turismo,2,2,1,1.0,2,1
que quiere manifestaciones riñas y todo eso,turismo,2,3,1,1.0,2,1
wey yo no soy de la cdmx pero el día del mundial viajaré allá con toda mi familia,turismo,5,4,4,4.0,3,4
me da risa wtf,turismo,2,3,1,1.0,2,1
apoyo lo de trabajar en casa para mi trabajo paso por el akron y es un caos cada que hay partidos eventos,turismo,2,2,3,2.0,3,2
ayora pues si es mi casa,turismo,3,3,3,4.0,3,3
todos salgan de sus casa,turismo,3,3,3,1.0,3,3
odio salir pero como soy bien necia esos días me la voy a pasar de vaga,turismo,3,3,1,1.0,2,1
dicen puras tonterias,turismo,2,3,1,1.0,2,1
vamos todos,turismo,5,3,5,5.0,3,5
perú y méxico peleando por quién tiene peor gobierno méxico está que se esfuerza mucho,turismo,2,2,1,1.0,2,1
aver si no los asaltan,turismo,2,2,2,1.0,3,2
y el de felipe angeles,turismo,3,3,3,,3,3
me da risa nunca dijo eso jajaj,turismo,2,3,3,1.0,2,3
perdonen cuando es el mundial me entristece,turismo,3,3,3,1.0,3,3
ahhh claro dejen le aviso a mis profes que no iré porque los turistas quieren visitar,turismo,2,2,1,1.0,2,1
irala que salgamos como si hubiera tianguis,turismo,2,2,1,1.0,2,1
es una idea con a de mujer,turismo,3,3,3,1.0,3,3
claudia eres mucha pieza para méxico te queremos 6 años más reelección porfavor en la próxima votación,turismo,5,5,5,2.0,3,5
la derrama económica es para los politcos y para las lacras qué asaltaran a los visitantes extranjeros por que la violencia está a todo lo que da,turismo,1,1,1,1.0,4,1
ok ya entendí que busquemos el programa de los eventos en el mundial para asistir a todos,turismo,3,3,3,3.0,4,3
abersi no los secuestran o los levantan con tanta inseguridad que existe,turismo,2,1,1,1.0,3,1
que miedo mejor me voy para canadá,turismo,2,2,1,1.0,2,1
wey no iba a salir ahora saldré x mis huevos,turismo,3,3,3,1.0,3,3
me iba a quedar en mi casa para evitar tumultos pero ahora como que se me antoja sacar plan con mis amigos durante todos los días de la temporada del mundial,turismo,4,4,4,4.0,4,4
una vergüenza recibir a turistas en éste momento,turismo,2,1,1,1.0,3,1
de huevos me voy a salir,turismo,5,3,1,1.0,2,1
que salgan dice,turismo,2,3,3,1.0,2,3
que salgamos ya dijo,turismo,2,3,3,1.0,2,3
que estupidez dijo,turismo,2,3,1,1.0,2,1
hmmm dinero y le brillan los ojos a la querida presidenta con a,turismo,3,2,1,1.0,2,1
deja tus jueguitos y ponte las pilas bien sabes que los mexicanos queremos que actúes con los malos,turismo,2,2,1,1.0,2,1
y ahi que se puede hacer,turismo,3,3,3,3.0,4,3
me da risa,turismo,2,3,1,,1,1
a quien le importa el fut boll,turismo,3,3,1,1.0,2,1
dice que salgamos todos,turismo,3,3,3,1.0,3,3
i cuando se van,turismo,3,3,3,1.0,3,3
no le da vergüenza de como tiene al país lleno de ollos y la inseguridad a su máximo,turismo,2,1,1,1.0,3,1
dice la secretaria que regalar su boleto traducción no quiero ser expuesta a una rechifla monumental miedo le llaman,turismo,2,3,1,1.0,2,1
mientras ajuste con un salario mínimo se ajuste a las necesidades basicas que no le paguen más,turismo,2,2,3,1.0,2,2
lo que le importa es el dineto no los turistas,turismo,2,1,1,1.0,3,1
osea que solo los turistas pueden disfrutar méxico y no los propios mexicanos,turismo,2,2,1,1.0,2,1
y si los narcos van a matar la gentes,turismo,2,2,2,1.0,3,2
me están dando más ganas de salir ahora no se porque,turismo,3,3,3,1.0,3,3
tendremos más visitantes que eu y eso es por que la mayoría quiere visitar méxico,turismo,4,4,5,4.0,3,4
manifestación en los aeropuertos cuando sea el mundial no estamos para festejar ni invertir en esos temas,turismo,2,2,1,1.0,2,1
es mentira ya se canceló,turismo,2,3,1,1.0,2,1
viva mi presidenta,turismo,5,5,5,5.0,4,5
qué porqué,turismo,3,3,3,1.0,3,3
y todos los ingresos los utilizará para abastecer hospitales y personal médico o lo seguirá regalando a los ninis,turismo,3,1,1,1.0,3,1
no salgan con sus falasias porfaaa no tergiversen la información osea por mí no salgan xq si dan pena pero lo q dijo la señora es q deben hacer home office para evitar el tráfico en horas pico y algún demás q eso pueda provocar,turismo,3,2,3,1.0,2,3
si ella le va a pagar el salario a mi mdre entonces si,turismo,3,5,3,1.0,2,3
que pongamos música a todo volumen toda la noche entendido,turismo,3,3,1,1.0,2,1
no haremos caso,turismo,2,3,1,1.0,2,1
para hacer las marchas más numerosas,turismo,3,2,3,1.0,2,3
orale que descanses,turismo,3,3,3,1.0,3,3
con la inseguridad seguro se irán con una muy mala experiencia pobres de esos visitantes,turismo,2,1,1,1.0,3,1
solo te faltó remarcar que visitarán méxico para ver como funciona la megafarmacia y el mejor sistema de salud del mundo,turismo,2,1,1,1.0,3,1
por eso suspendieron las clases,turismo,3,3,3,1.0,3,3
que dice que vayamos y los saludemos,turismo,3,3,3,4.0,3,3
no van nadien hasta que salgan los corruptos ahora mandamos no mas dinero alos paises corruptos unance people,turismo,2,1,1,1.0,3,1
con gobierno narcor país,turismo,2,1,1,1.0,3,1
me da risa y con esta inseguridad,turismo,2,2,1,1.0,2,1
que salgan dice,turismo,2,3,3,1.0,2,3
no mañana,turismo,2,3,3,1.0,2,3
wwow viva mexicooooo,turismo,5,5,5,5.0,4,5
como esperas turista así como tienes el país todo un desastre vergüenza debería de tener,turismo,1,1,1,1.0,4,1
un pais con esos niveles de delincuencia e inseguridad tendría que tener prohibido celebrar nada,turismo,1,1,1,1.0,4,1
que dice que salgamos a las calles a disfrutar en familia como buenos mexicanos que somos jajajaj,turismo,3,5,1,2.0,1,1
